project_id,project_title,target_label,predicted_label,confidence,rubric_scores,retrieval_distribution,top_evidence_sentences,missing_high_trl_reason,final_reason
112878,Three Band Thermal Infrared Detector for CubeSats and UAS,High,High,0.5990706328952288,"{'principle_score': 0.0, 'concept_score': 0.25, 'lab_validation_score': 0.0, 'prototype_score': 0.25, 'relevant_environment_score': 0.0, 'operational_environment_score': 0.0, 'commercialization_score': 0.2}","{'low': 0.0, 'mid': 0.6, 'high': 0.4}","As a result the TBIRD will be suitable for a wide range of applications and operational concepts, both space based and airborne. | As a result the TBIRD will be suitable for a wide range of applications and operational concepts, both space based and airborne. | The proposed Phase II prototype will deliver high spatial resolution, wide field of view, high signal to noise performance, and three spectral bands. | The proposed Phase II prototype will deliver high spatial resolution, wide field of view, high signal to noise performance, and three spectral bands. | commercialization_context The system will be useful for a wide variety of environmental research, disaster response, wildfire science, wildfire detection and mapping, oil spill mapping and detection, and thermal anomaly mapping in general.",,"High-TRL deployment or commercialization evidence was strong enough, and retrieval/model signals support a high maturity class."
12089,Exploration Technology Development including Surface Acoustic Wave RFID chips,Mid,Low,0.6517518005102494,"{'principle_score': 0.0, 'concept_score': 0.25, 'lab_validation_score': 0.4, 'prototype_score': 0.25, 'relevant_environment_score': 0.0, 'operational_environment_score': 0.0, 'commercialization_score': 0.2}","{'low': 0.6, 'mid': 0.4, 'high': 0.0}","Naval Research Lab miniature microbial fuel cell, modulating retrroeflector, X-band switchable radio/radar). | Naval Research Lab miniature microbial fuel cell, modulating retrroeflector, X-band switchable radio/radar). | commercialization_context Outcomes: Analyses for system performance in a deep space environment, breadboard-level hardware fabricated for laboratory testing, preliminary system concept for a flight quality article | commercialization_context Outcomes: Analyses for system performance in a deep space environment, breadboard-level hardware fabricated for laboratory testing, preliminary system concept for a flight quality article | commercialization_context Outcomes: Analyses for system performance in a deep space environment, breadboard-level hardware fabricated for laboratory testing, preliminary system concept for a flight quality article",,"Evidence is mainly concept or early validation oriented, with limited prototype or deployment signals; therefore the project was classified as Low."
158539,Improved Nucleation-Mode Aerosol Sizing Spectrometry through Pulse Height Analysis,Mid,Mid,0.5664419751938099,"{'principle_score': 0.0, 'concept_score': 0.0, 'lab_validation_score': 0.0, 'prototype_score': 0.0, 'relevant_environment_score': 0.0, 'operational_environment_score': 0.0, 'commercialization_score': 0.2}","{'low': 0.2, 'mid': 0.4, 'high': 0.4}",commercialization_context The successful implementation of PHA to a single channel and successfully stitching together subsequent channels; would allow a 5-channel NMASS to retrieve size distributions from 3-64 nm in 14 bins at 1 Hz; compared to the current limitation of 4 bins.,,"Prototype, laboratory, or relevant-environment evidence was detected, but operational environment evidence was weak; therefore the project was classified as Mid."
113165,Deep Space Navigation of Distributed Small Spacecraft using Variable Celestial Sources,Low,Low,0.6683395924196976,"{'principle_score': 0.0, 'concept_score': 0.5, 'lab_validation_score': 0.2, 'prototype_score': 0.25, 'relevant_environment_score': 0.0, 'operational_environment_score': 0.0, 'commercialization_score': 0.2}","{'low': 0.4, 'mid': 0.6, 'high': 0.0}","The concept creates photon measurements across each source observed in unique energy bands where signals are most beneficial, and blends the diverse signals into a single spacecraft position and velocity solution. | Previous work by ASTER Labs has demonstrated concept feasibility of X-ray navigation (XNAV) and gamma-ray navigation (GLINT) as stand-alone architectures. | The HYNAV instrument unifies the two individual concepts while adding radio observations into an operational prototype hardware instrument and software package. | The HYNAV instrument unifies the two individual concepts while adding radio observations into an operational prototype hardware instrument and software package. | Previous work by ASTER Labs has demonstrated concept feasibility of X-ray navigation (XNAV) and gamma-ray navigation (GLINT) as stand-alone architectures.",,"Evidence is mainly concept or early validation oriented, with limited prototype or deployment signals; therefore the project was classified as Low."
94858,Parts Selection and Testing for Risk Tolerant Missions,Mid,Mid,0.9118055603515766,"{'principle_score': 0.0, 'concept_score': 0.0, 'lab_validation_score': 0.0, 'prototype_score': 0.0, 'relevant_environment_score': 0.0, 'operational_environment_score': 0.0, 'commercialization_score': 0.2}","{'low': 0.2, 'mid': 0.6, 'high': 0.2}",commercialization_context The anticipated outcome of this project is the maturation and infusion of parts selection processes and practices into a product development.,,"Prototype, laboratory, or relevant-environment evidence was detected, but operational environment evidence was weak; therefore the project was classified as Mid."
33603,A Novel 3D Printer to Support Additive Manufacturing of Gradient Metal Alloy Structures,Mid,Low,0.704131363207584,"{'principle_score': 0.0, 'concept_score': 0.0, 'lab_validation_score': 0.0, 'prototype_score': 0.25, 'relevant_environment_score': 0.0, 'operational_environment_score': 0.0, 'commercialization_score': 0.6}","{'low': 0.2, 'mid': 0.8, 'high': 0.0}","commercialization_context The proposed printing tool will support NASA Space Launch System to create gradient metal alloy structures with superior mechanical properties, and to build more efficient space vehicles. | In addition to the NASA applications, the proposed 3D printer can also be used in various military and civilian market sectors for quick prototyping and low-volume productions of parts with complex shapes and configurations. | The tool can be used by hobbyists, scientists and engineers to quickly fabricate prototypes to validate their designs for a wide variety of applications, spanning from toys, dental products, industrial and aerospace parts (e.g.",,"Evidence is mainly concept or early validation oriented, with limited prototype or deployment signals; therefore the project was classified as Low."
91729,Evaluation of Carbon Composite Vessels Fabrication using Ionic Liquid Epoxies for Cryogenic Liquid Containment,Mid,Mid,0.7959896953830073,"{'principle_score': 0.0, 'concept_score': 0.0, 'lab_validation_score': 0.0, 'prototype_score': 0.0, 'relevant_environment_score': 0.0, 'operational_environment_score': 0.0, 'commercialization_score': 0.2}","{'low': 0.2, 'mid': 0.8, 'high': 0.0}",Our initial work showed that an unadulterated ionic liquid (IL) carbon-fiber composite exhibited improved properties over an optimized commercial product at cryogenic temperatures. | Our initial work showed that an unadulterated ionic liquid (IL) carbon-fiber composite exhibited improved properties over an optimized commercial product at cryogenic temperatures.,,"Prototype, laboratory, or relevant-environment evidence was detected, but operational environment evidence was weak; therefore the project was classified as Mid."
92581,The World is Not Enough (WINE): Harvesting Local Resources for Eternal Exploration of Space,Mid,High,0.6786436409763258,"{'principle_score': 0.0, 'concept_score': 0.0, 'lab_validation_score': 0.2, 'prototype_score': 0.0, 'relevant_environment_score': 0.5, 'operational_environment_score': 0.0, 'commercialization_score': 0.4}","{'low': 0.6, 'mid': 0.4, 'high': 0.0}","In Phase 2, we propose to develop a testbed of the critical ISRU/propulsion system (regolith -> volatiles -> tank -> thruster) and GNC technology, and in Phase 3 we will demonstrate it in space as a hitchhiker payload on a mission such as EM-1 or EM-2, or onboard the International Space Station (ISS). | An ISS demonstration can extract water from a meteorite analog (brought up to ISS), use the water to fuel a WINE CubeSat, eject it into LEO, and measure propulsion performance to improve the technology as it demonstrates a change in Delta-V from asteroid-mined water. | commercialization_context NASA can use this system to prospect for mining that will support Mars exploration missions. | Investors in commercial space activity will see that asteroid mining is real, and that transporting spacecraft from LEO to GEO is a viable business worthy of funding, which will create customers for space mining. | 3D printing enables development of steam thrusters (higher Isp than cold gas) as well as tanks that fit within the available space within the CubeSat.",,"High-TRL deployment or commercialization evidence was strong enough, and retrieval/model signals support a high maturity class."
8982,Human Factors Analysis Support Tool (H-FAST),Mid,Mid,0.5343978212609362,"{'principle_score': 0.25, 'concept_score': 0.0, 'lab_validation_score': 0.4, 'prototype_score': 0.0, 'relevant_environment_score': 0.0, 'operational_environment_score': 0.0, 'commercialization_score': 0.4}","{'low': 0.4, 'mid': 0.6, 'high': 0.0}","For DoD customers, it would be necessary to include more Military Standard (MIL-STD) guidelines, project-specific requirements, and verification methods, to identify relevant design patterns for military applications, and to link to military-relevant research sources (e.g., Army Research Laboratory, Office of Naval Research). | commercialization_context Department of Defense Applications: We anticipate that H-FAST will provide a useful, nearly directly-usable tool for other agencies involved in large scale system acquisition. | Entrepreneur Center Application: Another possible non-NASA commercial application of H-FAST would be as a market validation tool for an Entrepreneur/Business Incubation Center. | In order to be successful, the human-computer interactions in these systems need to follow a principle-based design process. | In order to be successful, the human-computer interactions in these systems need to follow a principle-based design process.",,"Prototype, laboratory, or relevant-environment evidence was detected, but operational environment evidence was weak; therefore the project was classified as Mid."
95640,Myco-architecture off planet: growing surface structures at destination,Low,Low,0.8295316920541171,"{'principle_score': 0.0, 'concept_score': 0.25, 'lab_validation_score': 0.0, 'prototype_score': 0.0, 'relevant_environment_score': 0.0, 'operational_environment_score': 0.0, 'commercialization_score': 0.2}","{'low': 1.0, 'mid': 0.0, 'high': 0.0}","Our concept fits within the Mars DRA 5.0 'commuter' scenario, with the major difference being that the habitats and the shells of the rovers would be built at destination. | Architectural design concepts based on this vision will be examined for use in a mission context including mass trade-offs, and temperature inputs, as well as suggesting new terrestrial routes to infusion where rapidly built, lightweight structures are desired. | Mycelial materials, already commercially produced, are known insulators, fire retardant, and do not produce toxic gasses. | Mycelial materials, already commercially produced, are known insulators, fire retardant, and do not produce toxic gasses.",,"Evidence is mainly concept or early validation oriented, with limited prototype or deployment signals; therefore the project was classified as Low."
9850,"Polymer-Reinforced, Nonbrittle, Lightweight Cryogenic Insulation for Reduced Life-Cycle Costs",Mid,Mid,0.9583430030858525,"{'principle_score': 0.0, 'concept_score': 0.0, 'lab_validation_score': 0.0, 'prototype_score': 0.0, 'relevant_environment_score': 0.0, 'operational_environment_score': 0.0, 'commercialization_score': 0.4}","{'low': 0.2, 'mid': 0.6, 'high': 0.2}","For assuring success, ISL has committed $100K of co-funding during Phase II, and secured $300K as Phase III Follow-on funding from a commercialization partner. | For assuring success, ISL has committed $100K of co-funding during Phase II, and secured $300K as Phase III Follow-on funding from a commercialization partner.",,"Prototype, laboratory, or relevant-environment evidence was detected, but operational environment evidence was weak; therefore the project was classified as Mid."
33412,3D Imaging Cubesat Lidar for Asteroid and Planetary Sciences,Mid,Mid,0.9658566983206474,"{'principle_score': 0.0, 'concept_score': 0.0, 'lab_validation_score': 0.2, 'prototype_score': 0.0, 'relevant_environment_score': 0.0, 'operational_environment_score': 0.2, 'commercialization_score': 0.4}","{'low': 0.0, 'mid': 1.0, 'high': 0.0}","commercialization_context ?XThe core lidar technology developed has applications to numerous NASA and DoD instrument needs. | There appears to be an emerging as a commercial services market and several companies are in contact with Fibertek about proximity operations lidars. | Because the lidar uses readily available laser diodes and the diode laser can be digitally controlled unlike a solid state laser the system can be reconfigured to more than one application. | The LIDAR design envisioned by Fibertek allows long range 3D imaging in a small, light weight, simple, robust package to be carried to forward areas by a dismounted soldier or deployed in a small transportable UAV yet powerful enough to map the battlefield from outside the range of enemy fire would be an invaluable tool for the battlefield commander",,"Prototype, laboratory, or relevant-environment evidence was detected, but operational environment evidence was weak; therefore the project was classified as Mid."
125823,Weather Intelligence Support Environment,Mid,Mid,0.7826408525099374,"{'principle_score': 0.0, 'concept_score': 0.25, 'lab_validation_score': 0.0, 'prototype_score': 0.0, 'relevant_environment_score': 0.0, 'operational_environment_score': 0.0, 'commercialization_score': 0.2}","{'low': 0.6, 'mid': 0.4, 'high': 0.0}","government agencies that play a crucial role in helping to develop and implement the NextGen program by developing advanced automation concepts and technologies that provide NAS stakeholders (air traffic controllers, pilots, and other airspace users) with more accurate real-time information on air traffic flow, weather, and routing. | commercialization_context NASA (Aviation Systems Division) is one of several U.S. | A commercial version of the innovation will serve as an autonomous flight dispatch service for stakeholders in the general aviation (GA) community by monitoring flights and providing enhanced weather decision support similar to flight dispatch services found in airline operational control centers – a service not readily in the GA community.",,"Prototype, laboratory, or relevant-environment evidence was detected, but operational environment evidence was weak; therefore the project was classified as Mid."
158283,Quantification and Modulation of Trust in a Crew Health Integrated Medical Response Agent (CHIMERA),Low,Mid,0.7924869062910296,"{'principle_score': 0.25, 'concept_score': 0.0, 'lab_validation_score': 0.0, 'prototype_score': 0.0, 'relevant_environment_score': 0.0, 'operational_environment_score': 0.0, 'commercialization_score': 0.2}","{'low': 0.2, 'mid': 0.8, 'high': 0.0}","The free energy principle suggests that all living organisms, including humans, strive to minimize their free energy – a measure of the system's uncertainty or surprise about its sensory inputs given its model of the world. | The free energy principle suggests that all living organisms, including humans, strive to minimize their free energy – a measure of the system's uncertainty or surprise about its sensory inputs given its model of the world. | This minimization is achieved through perception, where the agent updates its internal model to better predict sensory inputs, and action, where the agent acts upon the environment to make its sensory inputs more predictable In this Phase I proposal, we will leverage our work on cyber-physical-human autonomous systems for astronaut health and performance to demonstrate how an active inference framework allows for the quantification and modulation of trust in a critical space flight system called the Crew Health Integrated Medical Response Agent (CHIMERA) commercialization_context -Cyber-physical-human systems for Crew Health and performance -Cyber-physical-human systems for long distance, long duration space exploration missions -CPH for earth based observation UAV swarms-DoD: Cyber-physical-human systems for military health and performance in Prolonged Field Care -Remote, long-term patient monitoring care/telemedicine -CPH for earth based observation and exploration; UAV swarms, remote operations -CPH for humanitarian disaster response",,"Prototype, laboratory, or relevant-environment evidence was detected, but operational environment evidence was weak; therefore the project was classified as Mid."
16772,Incremental Evolution of a 10/250 NLV into a 20/450 NMSLV,High,Mid,0.6620785975895426,"{'principle_score': 0.0, 'concept_score': 0.25, 'lab_validation_score': 0.0, 'prototype_score': 0.0, 'relevant_environment_score': 0.25, 'operational_environment_score': 0.2, 'commercialization_score': 0.6}","{'low': 0.0, 'mid': 0.8, 'high': 0.2}","The technical innovation proposed here is the continued functional evolution and concept refinement of an incremental series of test vehicles that will ultimately provide dedicated, low-cost, reliable, on-demand routine space access for the emerging nano and micro satellite markets. | Initial orbital operational capability for delivering 10 kg to a 250 km circular LEO is achieved with a two-stage, pressure-fed ""10/250"" Nanosat Launch Vehicle (NLV) that will pathfind performance, production, regulatory and operational challenges. | The technical innovation proposed here is the continued functional evolution and concept refinement of an incremental series of test vehicles that will ultimately provide dedicated, low-cost, reliable, on-demand routine space access for the emerging nano and micro satellite markets. | The technical innovation proposed here is the continued functional evolution and concept refinement of an incremental series of test vehicles that will ultimately provide dedicated, low-cost, reliable, on-demand routine space access for the emerging nano and micro satellite markets. | The Phase II effort will then focus on the further development of an NMSLV-type first stage with two additional core boosters, for a total of three, and the conducting of a high-altitude demonstration flight.",,"Prototype, laboratory, or relevant-environment evidence was detected, but operational environment evidence was weak; therefore the project was classified as Mid."
154498,Coordinated Autonomous Debris Avoidance,Mid,Low,0.7137795746255652,"{'principle_score': 0.0, 'concept_score': 0.25, 'lab_validation_score': 0.2, 'prototype_score': 0.25, 'relevant_environment_score': 0.0, 'operational_environment_score': 0.0, 'commercialization_score': 0.2}","{'low': 0.6, 'mid': 0.4, 'high': 0.0}","We will prove the feasibility of the prototype in Phase I by testing it against an existing SmallSat simulation. | We will prove the feasibility of the prototype in Phase I by testing it against an existing SmallSat simulation. | In Phase I, we will adapt SCOUT and integrate it with the collision computation and trajectory optimization components to develop an initial prototype system. | We will prove the feasibility of the prototype in Phase I by testing it against an existing SmallSat simulation. | Non-NASA commercial applications for CADANCE include satellites that provide services like the Starlink internet constellation and science satellites like Planet Labs' fleet of 200 Earth-imaging satellites.",,"Evidence is mainly concept or early validation oriented, with limited prototype or deployment signals; therefore the project was classified as Low."
125728,"Radiation Hardened High Power ""GBID"" Ga2O3 Based Isolated DC-DC Converter",Mid,Mid,0.7645505669973658,"{'principle_score': 0.0, 'concept_score': 0.0, 'lab_validation_score': 0.2, 'prototype_score': 0.0, 'relevant_environment_score': 0.0, 'operational_environment_score': 0.0, 'commercialization_score': 0.2}","{'low': 0.4, 'mid': 0.6, 'high': 0.0}","One challenge that arises when designing for space environment is the harsh environment power converters need to operate in, and limited availability of space qualified components and field demonstrated converter topologies. | One challenge that arises when designing for space environment is the harsh environment power converters need to operate in, and limited availability of space qualified components and field demonstrated converter topologies. | The state of the art for space DC-DC power conversion trails its commercial counterparts in terms of power density and efficiency. | The state of the art for space DC-DC power conversion trails its commercial counterparts in terms of power density and efficiency.",,"Prototype, laboratory, or relevant-environment evidence was detected, but operational environment evidence was weak; therefore the project was classified as Mid."
102444,A Compact and Automated Library Preparation Device for Nanopore Sequencing,Mid,Mid,0.573356430521758,"{'principle_score': 0.0, 'concept_score': 0.0, 'lab_validation_score': 0.4, 'prototype_score': 0.0, 'relevant_environment_score': 0.0, 'operational_environment_score': 0.0, 'commercialization_score': 0.4}","{'low': 0.2, 'mid': 0.8, 'high': 0.0}","This compact system will allow previously complicated, labor-intensive, and time-consuming processes to be carried out by a turn-key and closed system with minimal crew-time needed. | We have demonstrated on the ground in a laboratory setting that our simple but robust sequential injection delivery tool can perform precise fluid delivery and DNA extraction. | commercialization_context We propose a platform for safe and automated library preparation in space. | The demands for improved healthcare in developing countries will also aid the growth of nucleic sequencing and nucleic acid testing market.",,"Prototype, laboratory, or relevant-environment evidence was detected, but operational environment evidence was weak; therefore the project was classified as Mid."
101947,High-Resolution Source Characterization and Modeling for Efficient Prediction of Propulsion-Airframe Aeroacoustics,Low,Mid,0.8857116728775148,"{'principle_score': 0.0, 'concept_score': 0.0, 'lab_validation_score': 0.2, 'prototype_score': 0.0, 'relevant_environment_score': 0.0, 'operational_environment_score': 0.0, 'commercialization_score': 0.2}","{'low': 0.0, 'mid': 1.0, 'high': 0.0}","ATA Engineering, in collaboration with the University of California, Irvine, proposes to develop methods to efficiently characterize and ultimately predict aircraft noise associated with such propulsion airframe aeroacoustics (PAA). | ATA Engineering, in collaboration with the University of California, Irvine, proposes to develop methods to efficiently characterize and ultimately predict aircraft noise associated with such propulsion airframe aeroacoustics (PAA). | commercialization_context The technology enables BEM prediction of far-field acoustics using surface-based sources, enhancing capabilities in two ARMD Strategic Thrusts: Innovations in Commercial Supersonic Aircraft (#2), where a critical theme is ""jet and high speed fan/inlet acoustics with airframe interactions,"" and Ultra Efficient Commercial Vehicles (#3), where ""propulsion noise shielding"" is needed for ""revolutionary"" vehicles. | Several commercial and defense applications will benefit from improved PAA prediction.",,"Prototype, laboratory, or relevant-environment evidence was detected, but operational environment evidence was weak; therefore the project was classified as Mid."
106670,Propellant Mass Gauging in Gateway Architecture Vehicles,Mid,Mid,0.8209002480895616,"{'principle_score': 0.0, 'concept_score': 0.25, 'lab_validation_score': 0.0, 'prototype_score': 0.0, 'relevant_environment_score': 0.0, 'operational_environment_score': 0.2, 'commercialization_score': 0.2}","{'low': 0.0, 'mid': 0.6, 'high': 0.4}","Problem Statement NASA's Space Launch System (SLS) rocket and Orion spacecraft as well as commercial partners have a need for a low-gravity propellant mass gauging concept that provides robust mass measurements during dynamic events that involve changes in tank pressure, such as engine burns. | Problem Statement NASA's Space Launch System (SLS) rocket and Orion spacecraft as well as commercial partners have a need for a low-gravity propellant mass gauging concept that provides robust mass measurements during dynamic events that involve changes in tank pressure, such as engine burns. | This work is a continuation of previous flight testing under T0123, T0147, T0160, and T0191. | This work is a continuation of previous flight testing under T0123, T0147, T0160, and T0191. | Problem Statement NASA's Space Launch System (SLS) rocket and Orion spacecraft as well as commercial partners have a need for a low-gravity propellant mass gauging concept that provides robust mass measurements during dynamic events that involve changes in tank pressure, such as engine burns.",,"Prototype, laboratory, or relevant-environment evidence was detected, but operational environment evidence was weak; therefore the project was classified as Mid."
94565,Dynamically Leveraged Automated N-Multibody (DyLAN) Trajectory Optimization,Mid,Mid,0.8929867045658806,"{'principle_score': 0.0, 'concept_score': 0.25, 'lab_validation_score': 0.0, 'prototype_score': 0.0, 'relevant_environment_score': 0.25, 'operational_environment_score': 0.0, 'commercialization_score': 0.2}","{'low': 0.0, 'mid': 1.0, 'high': 0.0}","DyLAN will meet NASA's Technology Roadmap goals of advanced modeling and simulation tools that allow for expanded solution spaces enabling new design concepts while decreasing cost with higher fidelity, efficient simulations. | DyLAN's early demonstration proves that commercial entities (e.g. | NASA and commercial entities are in need of advanced methods that allow for rapid analysis of complex trajectory optimization problems, so that the most informed decisions with regard to mission design can be made at an early stage in the planning process. | NASA and commercial entities are in need of advanced methods that allow for rapid analysis of complex trajectory optimization problems, so that the most informed decisions with regard to mission design can be made at an early stage in the planning process.",,"Prototype, laboratory, or relevant-environment evidence was detected, but operational environment evidence was weak; therefore the project was classified as Mid."
113183,Dust Tolerant Joint for In-Space Assembly,Mid,Mid,0.9568198088136232,"{'principle_score': 0.0, 'concept_score': 0.0, 'lab_validation_score': 0.2, 'prototype_score': 0.0, 'relevant_environment_score': 0.0, 'operational_environment_score': 0.0, 'commercialization_score': 0.2}","{'low': 0.2, 'mid': 0.8, 'high': 0.0}","Additionally, CRG's dust tolerant reversible joint provides NASA with a scalable, modular joining capability that can be used with autonomous assembly systems. | Additionally, CRG's dust tolerant reversible joint provides NASA with a scalable, modular joining capability that can be used with autonomous assembly systems. | commercialization_context In-Space structural assembly and construction Moon to Mars Campaign Commercial Lunar Payload Services (CLPS) Rotary, linear, and static joints Manned and unmanned space vehicles Payload attachment and removal Satellites, solar arrays, and deployable structures DoD and commercial satellite construction, expansion, refurbishment and In-Space test ranges (i.e.",,"Prototype, laboratory, or relevant-environment evidence was detected, but operational environment evidence was weak; therefore the project was classified as Mid."
125631,Magnetic Dust Filtration System,Mid,Mid,0.87844621020463,"{'principle_score': 0.0, 'concept_score': 0.0, 'lab_validation_score': 0.2, 'prototype_score': 0.0, 'relevant_environment_score': 0.0, 'operational_environment_score': 0.0, 'commercialization_score': 0.2}","{'low': 0.2, 'mid': 0.8, 'high': 0.0}","In the proposed program, a full-scale working model of the MDFS will be built and tested at Pioneer Astronautics lab. | In the proposed program, a full-scale working model of the MDFS will be built and tested at Pioneer Astronautics lab. | commercialization_context The MFS system is one of the key technologies for establishing human presence on the Moon for the Artemis program. | This technology will can be a resource for future dusty planetary destinations in space exploration With the advance of commercial spaceflight this technology will be applicable for all manned missions to dusty planetary destinations.",,"Prototype, laboratory, or relevant-environment evidence was detected, but operational environment evidence was weak; therefore the project was classified as Mid."
112917,Autonomous Environmental Monitoring and Management Platform for Remote Habitats,High,Mid,0.6116424004611531,"{'principle_score': 0.0, 'concept_score': 0.0, 'lab_validation_score': 0.4, 'prototype_score': 0.25, 'relevant_environment_score': 0.25, 'operational_environment_score': 0.0, 'commercialization_score': 0.2}","{'low': 0.2, 'mid': 0.8, 'high': 0.0}","Initially, SPEC Sensors will demonstrate a platform for AQ monitoring in a form factor compatible with autonomous robots such as the Astrobee, currently in use aboard the ISS National Laboratory. | In this phase, ground-based laboratory evaluations will be performed with a mobile prototype to address flight certification requirements necessary for integration with the current Astrobee fleet, and for safe delivery to the ISS National Lab by Magnitude.io. | In this phase, ground-based laboratory evaluations will be performed with a mobile prototype to address flight certification requirements necessary for integration with the current Astrobee fleet, and for safe delivery to the ISS National Lab by Magnitude.io. | In this phase, ground-based laboratory evaluations will be performed with a mobile prototype to address flight certification requirements necessary for integration with the current Astrobee fleet, and for safe delivery to the ISS National Lab by Magnitude.io. | With the successful demonstration of this technology, we expect other needs will arise that can be solved with this AI enabled array.",,"Prototype, laboratory, or relevant-environment evidence was detected, but operational environment evidence was weak; therefore the project was classified as Mid."
15886,Using the Hottest Particles in the Universe to Probe Icy Solar System Worlds,Low,Low,0.8399574912079497,"{'principle_score': 0.0, 'concept_score': 0.25, 'lab_validation_score': 0.0, 'prototype_score': 0.0, 'relevant_environment_score': 0.0, 'operational_environment_score': 0.0, 'commercialization_score': 0.2}","{'low': 0.4, 'mid': 0.6, 'high': 0.0}","In addition, we will improve the fidelity of our initial simulation used to analyze the concept in several important areas in order to more precisely determine the final measurement capabilities of the instrument. | In addition, we will improve the fidelity of our initial simulation used to analyze the concept in several important areas in order to more precisely determine the final measurement capabilities of the instrument. | commercialization_context We have conducted an initial exploration of a concept for a novel and innovative low cost, low power, low mass passive instrument to measure ice depth on outer planet moons, such as Europa, Ganymede, Callisto, and Enceladus.",,"Evidence is mainly concept or early validation oriented, with limited prototype or deployment signals; therefore the project was classified as Low."
93556,Injector-Integrated Fuel-Air Heat Exchanger Module,Mid,Low,0.7938036310385305,"{'principle_score': 0.0, 'concept_score': 0.25, 'lab_validation_score': 0.2, 'prototype_score': 0.25, 'relevant_environment_score': 0.0, 'operational_environment_score': 0.0, 'commercialization_score': 0.4}","{'low': 0.6, 'mid': 0.4, 'high': 0.0}","commercialization_context A reduction in the temperature of available cooling air would provide additional heat sink, thereby enabling use of higher combustion temperatures. | The designs proposed are inherently compatible with Micro Cooling Concepts' existing production line, enabling arrangements such as building the components under contract or licensing the IP to the engine manufacturer and/or their suppliers. | As engine compressor pressure ratios continue to increase, the temperature of this compressor discharge air also increases, to the point that the cooling air itself needs to be cooled.?Micro Cooling Concepts is involved in developing a concept for a heat exchanger co-located/integrated near the point of fuel injection in order to provide cooled cooling air. | The main advantages of this concept are the minimization of the amount of heated fuel between the heat exchanger and fuel injector tip such that the fire danger from leaking tubing is eliminated, and the ease of delivering cooled cooling air to the secondary air circuit. | The end goal of the program will be to develop a prototype fuel-air heat exchanger and test its performance at engine relevant conditions.",,"Evidence is mainly concept or early validation oriented, with limited prototype or deployment signals; therefore the project was classified as Low."
105714,Verification of Molecular Contamination Transport Model,Mid,Low,0.8680417576925159,"{'principle_score': 0.0, 'concept_score': 0.25, 'lab_validation_score': 0.0, 'prototype_score': 0.0, 'relevant_environment_score': 0.0, 'operational_environment_score': 0.0, 'commercialization_score': 0.2}","{'low': 0.4, 'mid': 0.4, 'high': 0.2}","Results will impact power requirements, ConOps, and contamination requirements of mission concepts being proposed in the future. | commercialization_context The payoff to NASA is advancements in contamination engineering powered by high-fidelity molecular contamination transport model results and significant risk mitigation to science investigations that are super sensitive to molecular contamination.",,"Evidence is mainly concept or early validation oriented, with limited prototype or deployment signals; therefore the project was classified as Low."
101881,Impact Resistant Composite Structures for Space Suit Applications,Mid,Mid,0.963270600392188,"{'principle_score': 0.0, 'concept_score': 0.25, 'lab_validation_score': 0.2, 'prototype_score': 0.0, 'relevant_environment_score': 0.0, 'operational_environment_score': 0.0, 'commercialization_score': 0.4}","{'low': 0.2, 'mid': 0.8, 'high': 0.0}","commercialization_context Increasing damage tolerance of lightweight composite structures to impact loads while maintaining leak resistance under pressure is a key performance metric for space suit hard composite components. | The proposed full-component Hatch demonstrator will address all these challenges and serve as an technology maturation example for all these markets. | Composites Automation (CA) proposes to collaborate with the University of Delaware Center for Composite Materials (UD-CCM) and our industry transition partner ILC Dover, to develop innovative material and structure concepts for next generation Space Suit hard composite components. | Composites Automation (CA) proposes to collaborate with the University of Delaware Center for Composite Materials (UD-CCM) and our industry transition partner ILC Dover, to develop innovative material and structure concepts for next generation Space Suit hard composite components. | Composites Automation (CA) proposes to collaborate with the University of Delaware Center for Composite Materials (UD-CCM) and our industry transition partner ILC Dover, to develop innovative material and structure concepts for next generation Space Suit hard composite components.",,"Prototype, laboratory, or relevant-environment evidence was detected, but operational environment evidence was weak; therefore the project was classified as Mid."
93320,A 10 K Multistage Cryocooler with Very Low Vibration,Mid,Mid,0.7886243055186918,"{'principle_score': 0.0, 'concept_score': 0.0, 'lab_validation_score': 0.0, 'prototype_score': 0.0, 'relevant_environment_score': 0.25, 'operational_environment_score': 0.0, 'commercialization_score': 0.4}","{'low': 0.6, 'mid': 0.4, 'high': 0.0}","commercialization_context The successful completion of this program will result in the demonstration of an extremely efficient low temperature cryocooler with negligible vibration. | A secondary military market for the technology is for cooling hyperspectral imaging systems on space based observation, surveillance and missile defense systems. | During the proposed Phase II project, we plan to optimize key cryocooler components for operation in a 10 K cryocooler, and demonstrate the performance of the advanced technology through demonstrations at cold load temperatures of 10 K and below. | During the proposed Phase II project, we plan to optimize key cryocooler components for operation in a 10 K cryocooler, and demonstrate the performance of the advanced technology through demonstrations at cold load temperatures of 10 K and below.",,"Prototype, laboratory, or relevant-environment evidence was detected, but operational environment evidence was weak; therefore the project was classified as Mid."
90788,Precision Detector Positioner,Mid,Mid,0.8808891571126362,"{'principle_score': 0.0, 'concept_score': 0.0, 'lab_validation_score': 0.0, 'prototype_score': 0.25, 'relevant_environment_score': 0.5, 'operational_environment_score': 0.0, 'commercialization_score': 0.4}","{'low': 0.6, 'mid': 0.4, 'high': 0.0}","The prototype 2-axis positioner will be integrated into a multi-technology Distributed Spacecraft Mission demonstration testbed at GSFC to improve the capability to precisely maintain alignment between 2 independent spacecraft over 100's of meters separation and maintain micron-level alignment on the science detector. | The intent of the IRAD is to develop an efficient 2-axis precision positioning mechanism with the accuracy, speed, and range of motion to satisfy multiple upcoming mission needs and advance that design TRL using spare sensors from another project and procuring commercial-grade actuators to build and functionally test an engineering unit. | The intent of the IRAD is to develop an efficient 2-axis precision positioning mechanism with the accuracy, speed, and range of motion to satisfy multiple upcoming mission needs and advance that design TRL using spare sensors from another project and procuring commercial-grade actuators to build and functionally test an engineering unit. | The prototype 2-axis positioner will be integrated into a multi-technology Distributed Spacecraft Mission demonstration testbed at GSFC to improve the capability to precisely maintain alignment between 2 independent spacecraft over 100's of meters separation and maintain micron-level alignment on the science detector.",,"Prototype, laboratory, or relevant-environment evidence was detected, but operational environment evidence was weak; therefore the project was classified as Mid."
112836,Passsive UV Imaging Polarimeter For Atmospheric Studies,Mid,Low,0.5169285833710114,"{'principle_score': 0.0, 'concept_score': 0.25, 'lab_validation_score': 0.0, 'prototype_score': 0.5, 'relevant_environment_score': 0.0, 'operational_environment_score': 0.2, 'commercialization_score': 0.2}","{'low': 0.2, 'mid': 0.8, 'high': 0.0}","(OCS) as a proof-of-concept breadboard in a 2016 Phase I effort (NASA Contract NNX16CA44P). | Modifications resulting in prototype model will advance the TRL to 5 or 6. | (OCS) as a proof-of-concept breadboard in a 2016 Phase I effort (NASA Contract NNX16CA44P). | (OCS) as a proof-of-concept breadboard in a 2016 Phase I effort (NASA Contract NNX16CA44P). | Compact in volume, the Passive UV Imaging Polarimeter can be deployed as multiple units aimed to different view angles for simultaneous wide- angle coverage.",,"Evidence is mainly concept or early validation oriented, with limited prototype or deployment signals; therefore the project was classified as Low."
158248,Advanced Hybrid Photonic Based Fiber Optic Sensor for Lunar Habitats,Mid,Mid,0.9332128816495371,"{'principle_score': 0.0, 'concept_score': 0.0, 'lab_validation_score': 0.0, 'prototype_score': 0.0, 'relevant_environment_score': 0.0, 'operational_environment_score': 0.0, 'commercialization_score': 0.2}","{'low': 0.0, 'mid': 1.0, 'high': 0.0}","commercialization_context The Lunar*Sense advanced, hybrid sensing system is specifically designed to enhance the safety and efficiency of hypersonic vehicles by providing meticulous monitoring of thermal and pressure conditions, essential for navigating the demanding environments these vehicles encounter.",,"Prototype, laboratory, or relevant-environment evidence was detected, but operational environment evidence was weak; therefore the project was classified as Mid."
154558,Real-Time Hardware Configurable Coprocessors,Mid,Low,0.9738889540522134,"{'principle_score': 0.0, 'concept_score': 0.25, 'lab_validation_score': 0.0, 'prototype_score': 0.0, 'relevant_environment_score': 0.25, 'operational_environment_score': 0.0, 'commercialization_score': 0.4}","{'low': 0.2, 'mid': 0.6, 'high': 0.2}",This project proposes a coprocessor companion to future radiation-hardened processors that can boost performance using commercial Field Programmable Gate Arrays (FPGA). | RadPC was licensed to Resilient Computing in 2020 to bring it to market as a viable aerospace solution. | This project will investigate the feasibility of using dynamically reconfigurable coprocessing circuitry within a proven fault-tolerant architecture known as RadPC. | This project will investigate the feasibility of using dynamically reconfigurable coprocessing circuitry within a proven fault-tolerant architecture known as RadPC. | The RadPC architecture has been matured through NASA-funded flight demonstrations at Montana State University culminating with a lunar mission in 2024.,,"Evidence is mainly concept or early validation oriented, with limited prototype or deployment signals; therefore the project was classified as Low."
94108,Developing a Material Response Model of Biopolymer-Stabilized Regolith to Predict Micrometeoroid Damage of ISRU Habitat Systems,Low,Low,0.9775861901351781,"{'principle_score': 0.25, 'concept_score': 0.0, 'lab_validation_score': 0.0, 'prototype_score': 0.0, 'relevant_environment_score': 0.0, 'operational_environment_score': 0.0, 'commercialization_score': 0.2}","{'low': 0.4, 'mid': 0.6, 'high': 0.0}","In principle, the use of this material could enable far-term capabilities by reducing mission reliance on materials and structures that would otherwise be fabricated on Earth. | In principle, the use of this material could enable far-term capabilities by reducing mission reliance on materials and structures that would otherwise be fabricated on Earth. | commercialization_context The outcome of the proposed material response model and hydrocode will be a micrometeorite simulation tool that will allow NASA mission designers to predict damage of critical surface systems over a mission's duration, and ultimately make design decisions that reduce the risk of a catastrophic failure.",,"Evidence is mainly concept or early validation oriented, with limited prototype or deployment signals; therefore the project was classified as Low."
113380,Moving Discontinuous Galerkin Solver for Hypersonic Aerothermodynamics,Low,Low,0.8387420040992027,"{'principle_score': 0.0, 'concept_score': 0.0, 'lab_validation_score': 0.0, 'prototype_score': 0.0, 'relevant_environment_score': 0.0, 'operational_environment_score': 0.0, 'commercialization_score': 0.2}","{'low': 0.2, 'mid': 0.8, 'high': 0.0}","commercialization_context The proposed solution would directly benefit all of NASA's on-going and upcoming EDL programs by delivering a high-order, robust CFD modeling capability for reentry modeling. | This capability would also greatly improve the fidelity and turn-around times for modeling of the different spacecraft being developed by NASA's commercial partners such as SpaceX, Boeing, and Sierra Nevada.",,"Evidence is mainly concept or early validation oriented, with limited prototype or deployment signals; therefore the project was classified as Low."
4297,Multi-Functional Stimuli-Responsive Materials,Low,Low,0.9765439425492468,"{'principle_score': 0.0, 'concept_score': 0.0, 'lab_validation_score': 0.2, 'prototype_score': 0.0, 'relevant_environment_score': 0.0, 'operational_environment_score': 0.0, 'commercialization_score': 0.2}","{'low': 1.0, 'mid': 0.0, 'high': 0.0}","Mechanical testing would then be employed to assess the efficacy of these polymers as healable, shape memory or actuating materials. | Mechanical testing would then be employed to assess the efficacy of these polymers as healable, shape memory or actuating materials. | commercialization_context The work aims to satisfy some of the objectives set forth in NASA Technology Area 10.1 and 12.1 which call for the development of multi-functional materials with shape memory and self-healing properties.",,"Evidence is mainly concept or early validation oriented, with limited prototype or deployment signals; therefore the project was classified as Low."
102827,Light Weight Radiation Shielding Components,Mid,Mid,0.6820383946236274,"{'principle_score': 0.0, 'concept_score': 0.5, 'lab_validation_score': 0.0, 'prototype_score': 0.25, 'relevant_environment_score': 0.25, 'operational_environment_score': 0.0, 'commercialization_score': 0.4}","{'low': 0.0, 'mid': 1.0, 'high': 0.0}","A proof of concept demonstration will be carried out and samples will be delivered at the end of Phase 1. | A proof of concept demonstration will be carried out and samples will be delivered at the end of Phase 1. | commercialization_context In addition to NASA's radiation shield manufacturing, the proposed pulsed laser AM process can also be used in other applications, such as space vehicle, aircraft, and satellite manufacturing. | PolarOnyx will develop a series of products to meet various requirements for commercial/military deployments. | Prototypes in compliant with the neutron and gamma radiation shielding requirement will be delivered at the end of Phase II.",,"Prototype, laboratory, or relevant-environment evidence was detected, but operational environment evidence was weak; therefore the project was classified as Mid."
94651,Less Iron and More Switches Increase Range,Mid,Mid,0.6454312500913648,"{'principle_score': 0.0, 'concept_score': 0.0, 'lab_validation_score': 0.2, 'prototype_score': 0.25, 'relevant_environment_score': 0.0, 'operational_environment_score': 0.0, 'commercialization_score': 0.2}","{'low': 0.2, 'mid': 0.6, 'high': 0.2}","Current prototype motors and inverters for small aircraft electric propulsion have impressive efficiency of about 95 and 97% and typical power density of a little over 2kw/kg and 5kw/kg respectively. | Current prototype motors and inverters for small aircraft electric propulsion have impressive efficiency of about 95 and 97% and typical power density of a little over 2kw/kg and 5kw/kg respectively. | With independent ""Brains"" and ""Brawn"" sections, the inverter is scalable and can be distributed within the motor case, allowing fault tolerance and thermal integration benefits. | With independent ""Brains"" and ""Brawn"" sections, the inverter is scalable and can be distributed within the motor case, allowing fault tolerance and thermal integration benefits. | commercialization_context Scalable technology, at least 10-100kW for main propulsion, electric actuation, auxiliary drives etc.",,"Prototype, laboratory, or relevant-environment evidence was detected, but operational environment evidence was weak; therefore the project was classified as Mid."
10456,Nanowire Photovoltaic Devices,Mid,Mid,0.6240957130477968,"{'principle_score': 0.0, 'concept_score': 0.0, 'lab_validation_score': 0.2, 'prototype_score': 0.0, 'relevant_environment_score': 0.0, 'operational_environment_score': 0.0, 'commercialization_score': 0.4}","{'low': 0.2, 'mid': 0.6, 'high': 0.2}","commercialization_context The high efficiency of the proposed device represents a significant competitive advantage for any space-based power generation application. | The proposed cells would represent a disruptive technology within the space PV marketplace. | Firefly, in collaboration with Rochester Institute of Technology, proposes an STTR program for the development of a space solar cell having record efficiency exceeding 40% (AM0) by the introduction of nanowires within the active region of the current limiting sub-cell. | Firefly, in collaboration with Rochester Institute of Technology, proposes an STTR program for the development of a space solar cell having record efficiency exceeding 40% (AM0) by the introduction of nanowires within the active region of the current limiting sub-cell.",,"Prototype, laboratory, or relevant-environment evidence was detected, but operational environment evidence was weak; therefore the project was classified as Mid."
34197,World-Class Visualizations in GMAT,Low,Mid,0.6389445339746967,"{'principle_score': 0.0, 'concept_score': 0.0, 'lab_validation_score': 0.4, 'prototype_score': 0.25, 'relevant_environment_score': 0.0, 'operational_environment_score': 0.0, 'commercialization_score': 0.2}","{'low': 0.2, 'mid': 0.8, 'high': 0.0}","Research organizations such as the Air Force Research Laboratory and universities will find GMAT, with its advanced visualization capabilities, a tool of choice for mission design, research, education, and outreach. | In this research, we develop comprehensive requirements for GMAT's visualization needs, create a plan to integrate OpenFrames into GMAT, demonstrate a prototype of OpenFrames in GMAT, and compare the performance of OpenFrames to the existing basic visualizations in GMAT. | In this research, we develop comprehensive requirements for GMAT's visualization needs, create a plan to integrate OpenFrames into GMAT, demonstrate a prototype of OpenFrames in GMAT, and compare the performance of OpenFrames to the existing basic visualizations in GMAT. | commercialization_context The visualization enhancements provided through this SBIR will make GMAT easier and more enticing to use by mission designers and easier to enhance for software developers. | Potential Non-NASA Commercialization Apps: 1500 characters / ~150 words max Because GMAT is Open Source, its use by non-NASA entities will also increase due to our SBIR enhancements.",,"Prototype, laboratory, or relevant-environment evidence was detected, but operational environment evidence was weak; therefore the project was classified as Mid."
94190,FY17 GRC: Tuna-Inspired Heat Pipe for High OPR Gas Turbines,Low,Low,0.8216844308204412,"{'principle_score': 0.0, 'concept_score': 0.5, 'lab_validation_score': 0.0, 'prototype_score': 0.0, 'relevant_environment_score': 0.0, 'operational_environment_score': 0.0, 'commercialization_score': 0.2}","{'low': 0.6, 'mid': 0.4, 'high': 0.0}","This is a novel concept with strong industry interest. | The goal of this project was to evaluate the feasibility (considering safety, sfc, heat capacity and weight) of heat pipe cooling for jet engines using organic nanofluids as the working fluid to alleviate concerns related to liquid metal heat pipes. | commercialization_context One minute per flight is globally equivalent to 4.8 tons of CO2 added to the atmosphere per year.",,"Evidence is mainly concept or early validation oriented, with limited prototype or deployment signals; therefore the project was classified as Low."
94830,Next Generation Tunable 353/530 nm Fiber Laser formaldehyde (HCHO) and nitrogen dioxide (NO2),Mid,Mid,0.8826111628208587,"{'principle_score': 0.0, 'concept_score': 0.0, 'lab_validation_score': 0.0, 'prototype_score': 0.0, 'relevant_environment_score': 0.0, 'operational_environment_score': 0.0, 'commercialization_score': 0.2}","{'low': 0.2, 'mid': 0.8, 'high': 0.0}","commercialization_context Both HCHO and NO2are primary measurement objectives in existing (OMI, TROPOMI) and upcoming (TEMPO) satellite instruments and need airborne measurements to validate and complement them.",,"Prototype, laboratory, or relevant-environment evidence was detected, but operational environment evidence was weak; therefore the project was classified as Mid."
125664,Multiparameter Laser Absorption Tomography System for High-Speed Flows,Mid,High,0.5304696608257361,"{'principle_score': 0.0, 'concept_score': 0.0, 'lab_validation_score': 0.0, 'prototype_score': 0.0, 'relevant_environment_score': 0.0, 'operational_environment_score': 0.2, 'commercialization_score': 0.4}","{'low': 0.4, 'mid': 0.6, 'high': 0.0}","commercialization_context The LATV diagnostic can be used to probe internal and external flows of both reacting and non-reacting fluids. | This technological capability is of interest to ISSI's current commercial, research, and military wind tunnel customers. | As such, the diagnostic has a wide range of potential ground and flight test applications.",,"High-TRL deployment or commercialization evidence was strong enough, and retrieval/model signals support a high maturity class."
95566,Revolutionizing Orbit Insertion with Drag-Modulated Plasma Aerocapture,Low,Low,0.9889731350018643,"{'principle_score': 0.0, 'concept_score': 0.25, 'lab_validation_score': 0.0, 'prototype_score': 0.0, 'relevant_environment_score': 0.0, 'operational_environment_score': 0.2, 'commercialization_score': 0.2}","{'low': 0.8, 'mid': 0.2, 'high': 0.0}","Because of the novel physics of the magnetoshell, feasibility hinges on multiple questions. | Because of the novel physics of the magnetoshell, feasibility hinges on multiple questions. | Additionally, the area over which flow interacts with the plasma is defined by the strength of the magnetic field, so the area can be made larger than that of a mechanically deployed decelerator. | Additionally, the area over which flow interacts with the plasma is defined by the strength of the magnetic field, so the area can be made larger than that of a mechanically deployed decelerator. | commercialization_context At present, NASA is studying several mature aerocapture technologies, the drawbacks of which often dictate excessive constraints on their intended design architectures.",,"Evidence is mainly concept or early validation oriented, with limited prototype or deployment signals; therefore the project was classified as Low."
118297,Remote Autonomous Plant Sensing for Space Exploration Enabled by Wearable Printed Electronics,Low,Mid,0.860158679750951,"{'principle_score': 0.0, 'concept_score': 0.0, 'lab_validation_score': 0.0, 'prototype_score': 0.0, 'relevant_environment_score': 0.0, 'operational_environment_score': 0.0, 'commercialization_score': 0.2}","{'low': 0.2, 'mid': 0.8, 'high': 0.0}",commercialization_context This project will enable continuous monitoring and early detection of plant responses to environmental stressors and nutrient deficiencies at both the individual plant level and the ensemble level.,,"Prototype, laboratory, or relevant-environment evidence was detected, but operational environment evidence was weak; therefore the project was classified as Mid."
103157,Variable Conductance Cold Plate for Spatial and Temporal Temperature Uniformity,Mid,Mid,0.6545569428655358,"{'principle_score': 0.0, 'concept_score': 0.0, 'lab_validation_score': 0.0, 'prototype_score': 0.25, 'relevant_environment_score': 0.0, 'operational_environment_score': 0.0, 'commercialization_score': 0.4}","{'low': 0.0, 'mid': 1.0, 'high': 0.0}","commercialization_context The potential applications for the proposed cold plate are NASA missions that require spatial and temporal temperature control for improved instrumentation functionality. | During this phase, ACT will investigate application with the growing commercial satellite and spacecraft market. | In Phase I, ACT designed and demonstrated, through simulation and experiment, a prototype cold plate capable of managing heat fluxes up to 5 W/cm2 while maintaining spatial isothermality to within 3 K and temporal isothermality to within 0.05 K/min. | In Phase I, ACT designed and demonstrated, through simulation and experiment, a prototype cold plate capable of managing heat fluxes up to 5 W/cm2 while maintaining spatial isothermality to within 3 K and temporal isothermality to within 0.05 K/min.",,"Prototype, laboratory, or relevant-environment evidence was detected, but operational environment evidence was weak; therefore the project was classified as Mid."
8796,Miniature Intelligent Wireless Fire Detector System,Mid,Mid,0.834855556967955,"{'principle_score': 0.0, 'concept_score': 0.0, 'lab_validation_score': 0.2, 'prototype_score': 0.0, 'relevant_environment_score': 0.0, 'operational_environment_score': 0.0, 'commercialization_score': 0.6}","{'low': 0.0, 'mid': 1.0, 'high': 0.0}","commercialization_context A large market already exists for photodetectors used in fire detection applications. | IMS leadership in this market will be provided by the reduced costs, high quality and reliability, high sensitivity, and suitability for both industrial and residential applications. | Other industries targeted as having potential interest in the detector are aviation, research laboratories, gas and electronic manufacturers and power generation.",,"Prototype, laboratory, or relevant-environment evidence was detected, but operational environment evidence was weak; therefore the project was classified as Mid."
91543,Reconfiguring Worlds with Simple Actuation via Physics-Based Nonprehensile Actions,Low,Low,0.9892951111481467,"{'principle_score': 0.0, 'concept_score': 0.0, 'lab_validation_score': 0.0, 'prototype_score': 0.0, 'relevant_environment_score': 0.0, 'operational_environment_score': 0.0, 'commercialization_score': 0.2}","{'low': 0.2, 'mid': 0.8, 'high': 0.0}","commercialization_context The algorithms we develop will expand the types of tasks that can be asked of robots, while reducing the need to hard code task specific action sequences.",,"Evidence is mainly concept or early validation oriented, with limited prototype or deployment signals; therefore the project was classified as Low."
9011,Executable SysML Model Development Accelerator for the Constellation Program,Mid,Mid,0.9316318711497137,"{'principle_score': 0.0, 'concept_score': 0.25, 'lab_validation_score': 0.0, 'prototype_score': 0.0, 'relevant_environment_score': 0.0, 'operational_environment_score': 0.0, 'commercialization_score': 0.2}","{'low': 0.2, 'mid': 0.8, 'high': 0.0}","Domain specific executable SysML models could reduce development risks by enabling many alternative operational concepts and designs to be evaluated before significant effort is expended developing poor designs. | commercialization_context The toolset for executable models development that can be customized to different systems will be useful within DoD organizations in which software intensive product lines are common. | In the commercial arena, adopting the same type of approach for software intensive system can be used in a broad range of areas, such as airplane, power plant SCADA systems, and vertical business applications such as Human Resources applications.",,"Prototype, laboratory, or relevant-environment evidence was detected, but operational environment evidence was weak; therefore the project was classified as Mid."
116306,An Integrated Regenerative Fuel Cell System,Mid,Mid,0.8551422563156322,"{'principle_score': 0.0, 'concept_score': 0.25, 'lab_validation_score': 0.0, 'prototype_score': 0.0, 'relevant_environment_score': 0.0, 'operational_environment_score': 0.0, 'commercialization_score': 0.2}","{'low': 0.2, 'mid': 0.8, 'high': 0.0}",This technology leverages commercial fuel cell components with advanced NASA-developed system concepts. | This technology leverages commercial fuel cell components with advanced NASA-developed system concepts. | This technology leverages commercial fuel cell components with advanced NASA-developed system concepts. | This technology leverages commercial fuel cell components with advanced NASA-developed system concepts.,,"Prototype, laboratory, or relevant-environment evidence was detected, but operational environment evidence was weak; therefore the project was classified as Mid."
89975,"Shear Thickening Fluid Enhanced Textiles for Durable, Puncture- and Cut-Resistant Environmental Protection Garments",Mid,Mid,0.553219346133865,"{'principle_score': 0.0, 'concept_score': 0.0, 'lab_validation_score': 0.0, 'prototype_score': 0.25, 'relevant_environment_score': 0.0, 'operational_environment_score': 0.0, 'commercialization_score': 0.4}","{'low': 0.4, 'mid': 0.6, 'high': 0.0}","This Small Business Technology Transfer Research Phase I proposal will develop and advance the commercialization of STF-ArmorTM nanocomposite materials for use in Environmental Protection Garments (EPG) for long-duration exploration missions, such as the exploration of Mars. | The proposed STTR research leverages the results of NASA-sponsored research conducted at the University of Delaware, combined with a commercialization pathway provided by STF Technologies LLC and our commercialization partners, to develop advanced EPG materials to improve astronaut safety. | The proposed research will advance the commercialization and TRL by optimizing STF materials, treatments and prototype EPG lay-ups to provide enhanced durability, puncture-, cut-, and dust-resistance while simultaneously meeting the requirements for full integration into EPGs and suit systems. | The proposed research will advance the commercialization and TRL by optimizing STF materials, treatments and prototype EPG lay-ups to provide enhanced durability, puncture-, cut-, and dust-resistance while simultaneously meeting the requirements for full integration into EPGs and suit systems.",,"Prototype, laboratory, or relevant-environment evidence was detected, but operational environment evidence was weak; therefore the project was classified as Mid."
158046,Missfit: Statistical Multi-Event Missed-Thrust Optimization for Low-Thrust Trajectories,Mid,Low,0.6538144079414099,"{'principle_score': 0.0, 'concept_score': 0.0, 'lab_validation_score': 0.2, 'prototype_score': 0.0, 'relevant_environment_score': 0.0, 'operational_environment_score': 0.0, 'commercialization_score': 0.2}","{'low': 0.6, 'mid': 0.4, 'high': 0.0}","The software will be developed in a way to take advantage parallelism and leverage large-scale cloud computing, allowing the user to scale the problem appropriately for the intended mission and available resources. | The software will be developed in a way to take advantage parallelism and leverage large-scale cloud computing, allowing the user to scale the problem appropriately for the intended mission and available resources. | This product is intended for any entity involved in the design of low-thrust trajectories, including the commercial and government sectors. | This product is intended for any entity involved in the design of low-thrust trajectories, including the commercial and government sectors.",,"Evidence is mainly concept or early validation oriented, with limited prototype or deployment signals; therefore the project was classified as Low."
9444,Functionally Graded Polyimide Nanocomposite Foams for Ablative and Inflatable/Flexible/Deplorable Structures,Low,Low,0.9678549108793228,"{'principle_score': 0.0, 'concept_score': 0.25, 'lab_validation_score': 0.2, 'prototype_score': 0.0, 'relevant_environment_score': 0.0, 'operational_environment_score': 0.0, 'commercialization_score': 0.2}","{'low': 0.4, 'mid': 0.6, 'high': 0.0}","In the first phase of this project, we will demonstrate the feasibility of fabricating graded polyimide micro/nanocellular foam structures and characterize their insulation and ablative properties. | In the first phase of this project, we will demonstrate the feasibility of fabricating graded polyimide micro/nanocellular foam structures and characterize their insulation and ablative properties. | Gradient polyimide foam structures with tuned thermal protection properties are unique and not available until now. | Gradient polyimide foam structures with tuned thermal protection properties are unique and not available until now. | Open-celled polyimide foams with large visible uniform pore sizes have been produced commercially, however, graded porous polyimide thin films with density gradient, open or close celled, are rare and pose more technical challenges, but can provide additional unique benefits.",,"Evidence is mainly concept or early validation oriented, with limited prototype or deployment signals; therefore the project was classified as Low."
125590,Integrated Brayton Cryocooler for LOx and LH2 Applications,Mid,Mid,0.91953087850156,"{'principle_score': 0.0, 'concept_score': 0.25, 'lab_validation_score': 0.0, 'prototype_score': 0.0, 'relevant_environment_score': 0.25, 'operational_environment_score': 0.0, 'commercialization_score': 0.4}","{'low': 0.4, 'mid': 0.6, 'high': 0.0}","commercialization_context NASA is in need of affordable and robust cryogenic cooling solutions for use in space applications. | The worldwide market for industrial and commercial cryocoolers is developing based on a need for High-Temperature Superconducting (HTS) cooling needs, superconducting generators for wind turbines being pursued in Europe as one example. | Concepts NREC (CN) is working towards the demonstration of two high-capacity helium-based reverse-Brayton cryocoolers, and plans to leverage these cryocoolers to develop a novel integrated two-stage helium system capable of supporting both oxygen and hydrogen liquefaction needs on the Moon. | Concepts NREC (CN) is working towards the demonstration of two high-capacity helium-based reverse-Brayton cryocoolers, and plans to leverage these cryocoolers to develop a novel integrated two-stage helium system capable of supporting both oxygen and hydrogen liquefaction needs on the Moon. | Concepts NREC (CN) is working towards the demonstration of two high-capacity helium-based reverse-Brayton cryocoolers, and plans to leverage these cryocoolers to develop a novel integrated two-stage helium system capable of supporting both oxygen and hydrogen liquefaction needs on the Moon.",,"Prototype, laboratory, or relevant-environment evidence was detected, but operational environment evidence was weak; therefore the project was classified as Mid."
125826,Windspeed Sensor for Planetary Science Applications,Mid,Mid,0.8930336317367115,"{'principle_score': 0.0, 'concept_score': 0.0, 'lab_validation_score': 0.2, 'prototype_score': 0.25, 'relevant_environment_score': 0.25, 'operational_environment_score': 0.0, 'commercialization_score': 0.4}","{'low': 0.0, 'mid': 1.0, 'high': 0.0}","commercialization_context A harsh environment sensor that can provide real-time wind speed and direction information has the potential to provide major advancements in planetary science. | Additional potential market areas include marine propulsion, rail locomotives, automotive, oil and gas refining, and government and academic laboratories. | The Phase I effort will focus on heavily leveraging prior harsh environment, in-situ instrumentation development and, with input from current/prior NASA partners, will construct, test, and characterize prototype sensor suites. | The Phase I effort will focus on heavily leveraging prior harsh environment, in-situ instrumentation development and, with input from current/prior NASA partners, will construct, test, and characterize prototype sensor suites. | If successful, Sporian will be well prepared for Phase II efforts focused on producing full demonstration units for application-relevant testing and addressing integration strategies.",,"Prototype, laboratory, or relevant-environment evidence was detected, but operational environment evidence was weak; therefore the project was classified as Mid."
113432,"PERISCOPE - Probe for Exploring Regolith and Ice by Subsurface Classification of Organics, PAHs, and Elements",Mid,Mid,0.982121290057005,"{'principle_score': 0.0, 'concept_score': 0.0, 'lab_validation_score': 0.0, 'prototype_score': 0.25, 'relevant_environment_score': 0.0, 'operational_environment_score': 0.0, 'commercialization_score': 0.2}","{'low': 0.6, 'mid': 0.4, 'high': 0.0}","In Phase I, we will assemble a breadboard composed of a UV fluorescence imaging spectrometer and a novel downhole optical probe, verify performance by testing on relevant samples, and design a TRL4/5 instrument that will be the baseline entry for Phase II. | In Phase I, we will assemble a breadboard composed of a UV fluorescence imaging spectrometer and a novel downhole optical probe, verify performance by testing on relevant samples, and design a TRL4/5 instrument that will be the baseline entry for Phase II. | commercialization_context PERISCOPE is appropriate for SIMPLEx/Discovery scale missions and any mission whose priority goal is to search for organic matter and potential biosignatures, water in any form, or rare-earth elements, including lunar and icy environment surveying.",,"Prototype, laboratory, or relevant-environment evidence was detected, but operational environment evidence was weak; therefore the project was classified as Mid."
9645,MEMS Skin Friction Sensor,Mid,Mid,0.9008472174317347,"{'principle_score': 0.0, 'concept_score': 0.25, 'lab_validation_score': 0.0, 'prototype_score': 0.0, 'relevant_environment_score': 0.0, 'operational_environment_score': 0.0, 'commercialization_score': 0.4}","{'low': 0.0, 'mid': 1.0, 'high': 0.0}",The sensor development effort transitions a proof-of-concept device by adding design components to have reduced pressure sensitivity to result in a commercially viable product. | The sensor development effort transitions a proof-of-concept device by adding design components to have reduced pressure sensitivity to result in a commercially viable product. | The sensor development effort transitions a proof-of-concept device by adding design components to have reduced pressure sensitivity to result in a commercially viable product. | The sensor development effort transitions a proof-of-concept device by adding design components to have reduced pressure sensitivity to result in a commercially viable product.,,"Prototype, laboratory, or relevant-environment evidence was detected, but operational environment evidence was weak; therefore the project was classified as Mid."
18380,3D Flash LIDAR EDL Resolution Improvement,High,High,0.6481410462482966,"{'principle_score': 0.0, 'concept_score': 0.25, 'lab_validation_score': 0.4, 'prototype_score': 0.0, 'relevant_environment_score': 0.0, 'operational_environment_score': 0.2, 'commercialization_score': 0.2}","{'low': 0.0, 'mid': 0.6, 'high': 0.4}","commercialization_context This sensor will increase the success of NASA operations such as: - Mars Landed Exploration - Exploration of Moons (ALHAT, Jupiter Icy Moons) - Asteroid and Comet Rendezvous and Sample Return - ISS Rendezvous and Docking (manned & unmanned) - Space Situational Awareness - Extravehicular Robotic Camera - Rock Abundance and Distribution Maps - Topographical Mapping - Rover Mobility and Navigation NASA Langley Research Center has purchased two of ASC's existing FLVC systems for performing laboratory, field, and airborne test and evaluation of this technology for use on the ALHAT program. | Advanced Scientific Concepts, Inc. | Advanced Scientific Concepts, Inc. | A FLC been deployed for EDL helicopter and high altitude fixed wing experiments, and has shown excellent results. | commercialization_context This sensor will increase the success of NASA operations such as: - Mars Landed Exploration - Exploration of Moons (ALHAT, Jupiter Icy Moons) - Asteroid and Comet Rendezvous and Sample Return - ISS Rendezvous and Docking (manned & unmanned) - Space Situational Awareness - Extravehicular Robotic Camera - Rock Abundance and Distribution Maps - Topographical Mapping - Rover Mobility and Navigation NASA Langley Research Center has purchased two of ASC's existing FLVC systems for performing laboratory, field, and airborne test and evaluation of this technology for use on the ALHAT program.",,"High-TRL deployment or commercialization evidence was strong enough, and retrieval/model signals support a high maturity class."
12094,"Location-Aware, Low-Power, Wearable Wireless Sensing for Environmental Monitoring",Mid,Low,0.9419610203945084,"{'principle_score': 0.0, 'concept_score': 0.25, 'lab_validation_score': 0.2, 'prototype_score': 0.5, 'relevant_environment_score': 0.0, 'operational_environment_score': 0.0, 'commercialization_score': 0.2}","{'low': 0.2, 'mid': 0.8, 'high': 0.0}","This technology project seeks to develop a prototype of a real-time location system integrated with a CO2 sensor to monitor and correlate space-time-CO2 concentration with physical symptoms and functional evaluations of impairment. | Under the current proposed effort, a breadboard prototype of such a system will be developed. | Although the initial development is oriented to the measurement of CO2, the system concept can easily be adapted to accommodate other types of sensors. | Although the initial effort is targeted to CO2 monitoring, the concept is applicable to other types of sensors. | For the initial effort, existing EV Modular Instrumentation System (MIS) Wireless Sensor Network (WSN) hardware will be leveraged to integrate a low-power CO2 sensor with a commercially available UWB radio system with ranging capability.",,"Evidence is mainly concept or early validation oriented, with limited prototype or deployment signals; therefore the project was classified as Low."
113143,Compact Integrated Midwave Infrared Spectrometer,Low,Mid,0.8643564487832963,"{'principle_score': 0.0, 'concept_score': 0.0, 'lab_validation_score': 0.4, 'prototype_score': 0.0, 'relevant_environment_score': 0.0, 'operational_environment_score': 0.2, 'commercialization_score': 0.2}","{'low': 0.4, 'mid': 0.6, 'high': 0.0}","In-situ spectroscopy of radiative heating emission for entry, descent, and landing (EDL) sensor suites Scientific: Chemical bond spectroscopy for scientific laboratory and field use Commercial: Environmental analysis Industrial monitoring, including vehicle and factor emissions analysis Water, food, and soil analysis Gas sensing Military: Remote sensing of trace chemicals | commercialization_context LIDAR receiver instrumentation deployed on platforms requiring very low size, weight, and power (SWaP): unmanned aerial vehicles, satellites/cubesats, landers, and spacecraft Remote or in-situ chemical analysis and gas sensing of atmospheric and surface constituents on Earth, comets, and other planetary bodies. | commercialization_context LIDAR receiver instrumentation deployed on platforms requiring very low size, weight, and power (SWaP): unmanned aerial vehicles, satellites/cubesats, landers, and spacecraft Remote or in-situ chemical analysis and gas sensing of atmospheric and surface constituents on Earth, comets, and other planetary bodies. | In-situ spectroscopy of radiative heating emission for entry, descent, and landing (EDL) sensor suites Scientific: Chemical bond spectroscopy for scientific laboratory and field use Commercial: Environmental analysis Industrial monitoring, including vehicle and factor emissions analysis Water, food, and soil analysis Gas sensing Military: Remote sensing of trace chemicals",,"Prototype, laboratory, or relevant-environment evidence was detected, but operational environment evidence was weak; therefore the project was classified as Mid."
23252,Monitoring and Regulating Teamwork,Mid,Mid,0.7521220320134459,"{'principle_score': 0.0, 'concept_score': 0.25, 'lab_validation_score': 0.4, 'prototype_score': 0.25, 'relevant_environment_score': 0.0, 'operational_environment_score': 0.0, 'commercialization_score': 0.2}","{'low': 0.0, 'mid': 1.0, 'high': 0.0}","Collaboration and cohesion are critical underpinnings of teamwork. | Research Plan: This research had two key goals: (a) benchmarking variation in team collaboration and team cohesion over LD missions and (b) further developing a monitoring and regulation system to unobtrusively measure team collaboration and cohesion. | Project deliverables: (1) benchmarking data for long duration analog teams in operating in ICE environments, (2) validation evidence to establish proof-of-concept for the monitoring technology and preliminary development of a data fusion model, and (3) a feedback dashboard display to diagnose team functioning based on multimodal monitoring data. | Project deliverables: (1) benchmarking data for long duration analog teams in operating in ICE environments, (2) validation evidence to establish proof-of-concept for the monitoring technology and preliminary development of a data fusion model, and (3) a feedback dashboard display to diagnose team functioning based on multimodal monitoring data. | In prior research we had developed functional prototypes and had initiated a series of basic laboratory validation studies.",,"Prototype, laboratory, or relevant-environment evidence was detected, but operational environment evidence was weak; therefore the project was classified as Mid."
95553,"Move to Talk, Talk to Move: Tightly Integrated Communication and Controls for Coordinated Swarms of Small Spacecraft",Mid,Low,0.6503500913322507,"{'principle_score': 0.0, 'concept_score': 0.0, 'lab_validation_score': 0.2, 'prototype_score': 0.0, 'relevant_environment_score': 0.0, 'operational_environment_score': 0.0, 'commercialization_score': 0.2}","{'low': 0.0, 'mid': 0.8, 'high': 0.2}",This framework will make it possible for a network of self-organizing small spacecraft to be highly collaborative among themselves for the monitoring of time-varying and/or geographically distributed phenomena. | This framework will make it possible for a network of self-organizing small spacecraft to be highly collaborative among themselves for the monitoring of time-varying and/or geographically distributed phenomena. | commercialization_context This project developed an enabling technology for NASA to effectively deploy swarms of small spacecraft.,,"Evidence is mainly concept or early validation oriented, with limited prototype or deployment signals; therefore the project was classified as Low."
95613,"CRATOS II: Modular ISRU Excavation Tools, Year 1",Low,Mid,0.6846499977326446,"{'principle_score': 0.0, 'concept_score': 0.0, 'lab_validation_score': 0.2, 'prototype_score': 0.0, 'relevant_environment_score': 0.0, 'operational_environment_score': 0.0, 'commercialization_score': 0.2}","{'low': 0.4, 'mid': 0.6, 'high': 0.0}","\n\n commercialization_context Goal: To develop tracks, excavator buckets, reactors, and other payloads, which can assemble themselves to perform the ISRU objectives of: Robotic mobility, Regolith acquisition, Transportation, Site preparation, and Waste disposal\nCapability Need/Knowledge Gap: CRATOS II agents will be able to work individually and in a fleet to autonomously excavate and deliver regolith, and will be able to repair themselves through reassembly from available functional subsystems. | \n\n commercialization_context Goal: To develop tracks, excavator buckets, reactors, and other payloads, which can assemble themselves to perform the ISRU objectives of: Robotic mobility, Regolith acquisition, Transportation, Site preparation, and Waste disposal\nCapability Need/Knowledge Gap: CRATOS II agents will be able to work individually and in a fleet to autonomously excavate and deliver regolith, and will be able to repair themselves through reassembly from available functional subsystems.",,"Prototype, laboratory, or relevant-environment evidence was detected, but operational environment evidence was weak; therefore the project was classified as Mid."
14562,Development of Instrumentation for Direct Validation of Regional Carbon Flux Estimates,Mid,High,0.6157875063720895,"{'principle_score': 0.0, 'concept_score': 0.0, 'lab_validation_score': 0.2, 'prototype_score': 0.0, 'relevant_environment_score': 0.0, 'operational_environment_score': 0.0, 'commercialization_score': 0.2}","{'low': 0.2, 'mid': 0.6, 'high': 0.2}","Very little information is available to evaluate global source/sink inversions (e.g., from OCO-2 or the NASA Carbon Monitoring System (CMS)). | Here we plan to build and test the first component in this system, a fast-response CH4 analyzer, which is currently not generally available for use. | We are pursuing three tasks under internal research and development: 1) procure a state-of-the-art, commercial instrument for measuring atmospheric methane (CH4) in situ and modify the analyzer intake flow, temperature, and pressure control systems to achieve sufficiently fast time-response for eddy-covariance flux determination from aircraft; 2) assess the advantages, disadvantages, limitations, and current status of potential greenhouse gas measurement approaches relevant to GSFC development and produce a white paper summary of findings; and 3) write a paper on measurement of GHGs using glint-reflected sunlight and submit it for publication in a refereed journal. | We are pursuing three tasks under internal research and development: 1) procure a state-of-the-art, commercial instrument for measuring atmospheric methane (CH4) in situ and modify the analyzer intake flow, temperature, and pressure control systems to achieve sufficiently fast time-response for eddy-covariance flux determination from aircraft; 2) assess the advantages, disadvantages, limitations, and current status of potential greenhouse gas measurement approaches relevant to GSFC development and produce a white paper summary of findings; and 3) write a paper on measurement of GHGs using glint-reflected sunlight and submit it for publication in a refereed journal.",,"High-TRL deployment or commercialization evidence was strong enough, and retrieval/model signals support a high maturity class."
94650,"LACROSS: Life Analysis, Capture, and Retention on an Orbiting Saturn Spacecraft",Mid,Low,0.8137705043177978,"{'principle_score': 0.0, 'concept_score': 0.0, 'lab_validation_score': 0.0, 'prototype_score': 0.0, 'relevant_environment_score': 0.0, 'operational_environment_score': 0.0, 'commercialization_score': 0.2}","{'low': 0.0, 'mid': 1.0, 'high': 0.0}","commercialization_context LACROSS improves measurement capabilities of hypervelocity particles in Ocean Worlds plumes, comet comas, and upper planetary atmospheres.",,"Evidence is mainly concept or early validation oriented, with limited prototype or deployment signals; therefore the project was classified as Low."
93303,Adapting RNAseq sample preparation for ISS,Low,High,0.6203522680118896,"{'principle_score': 0.0, 'concept_score': 0.25, 'lab_validation_score': 0.2, 'prototype_score': 0.0, 'relevant_environment_score': 0.0, 'operational_environment_score': 0.0, 'commercialization_score': 0.2}","{'low': 0.4, 'mid': 0.4, 'high': 0.2}","The transcriptional sequencing steps can be summarized as follows: 1) RNA Extraction (isolation); 2) RNA conversion to cDNA and amplification of the cDNA (Pre-Amp); 3) Sequencing library preparation (providing genetic molecules of a maximum length of 5,000-8,000 base pairs (bp) and attaching ligation enzymes to the ends of the strands); 4) Sequencing run on the MinION commercialization_context The NRC Decadal Survey on Biological and Physical Sciences in Space has identified the need for in-situ microanalytical technologies - ...reporter-based polymerase chain reaction, high-throughput sequencing as a critical enabling technology for mammalian, microbial and plant research advances. | Analysis capabilities are needed which can be utilized in the microgravity environment to use ISS as the National Lab is it intended for | The transcriptional sequencing steps can be summarized as follows: 1) RNA Extraction (isolation); 2) RNA conversion to cDNA and amplification of the cDNA (Pre-Amp); 3) Sequencing library preparation (providing genetic molecules of a maximum length of 5,000-8,000 base pairs (bp) and attaching ligation enzymes to the ends of the strands); 4) Sequencing run on the MinION commercialization_context The NRC Decadal Survey on Biological and Physical Sciences in Space has identified the need for in-situ microanalytical technologies - ...reporter-based polymerase chain reaction, high-throughput sequencing as a critical enabling technology for mammalian, microbial and plant research advances.",,"High-TRL deployment or commercialization evidence was strong enough, and retrieval/model signals support a high maturity class."
14192,Advanced Manufacturing Technologies (AMT): Additive Manufactured Hot Fire Planning and Testing in GRC Cell 32,Mid,Mid,0.6582580324514236,"{'principle_score': 0.0, 'concept_score': 0.0, 'lab_validation_score': 0.2, 'prototype_score': 0.0, 'relevant_environment_score': 0.0, 'operational_environment_score': 0.0, 'commercialization_score': 0.2}","{'low': 0.4, 'mid': 0.6, 'high': 0.0}",The design work for these components was completed under the MIP and drawings are already available. | The design work for these components was completed under the MIP and drawings are already available. | commercialization_context Cost Savings •AR demonstrated 70% cost savings for the injector Direct infusion •NASA SMD and DOD use EELVs to launch payloads to orbit •RL-10 is the upper stage engine for the Atlas V and Delta IV •RL10 is the baseline engine for SLS ICPS and SLS 100t dual use upper stage NASA strengthens the partnership with AR and extends NASA influence on RL10 TRL enhancement (3 to 5) Increases NASA knowledge base of RL10 and cultivates experience that can be passed on as RL10 continues to evolve,,"Prototype, laboratory, or relevant-environment evidence was detected, but operational environment evidence was weak; therefore the project was classified as Mid."
158518,Relative Position Sensing System for Precision Formation Flying Spacecraft,Mid,Low,0.6642589130422576,"{'principle_score': 0.0, 'concept_score': 0.25, 'lab_validation_score': 0.0, 'prototype_score': 0.0, 'relevant_environment_score': 0.0, 'operational_environment_score': 0.0, 'commercialization_score': 0.2}","{'low': 0.2, 'mid': 0.8, 'high': 0.0}",It is a key enabling technology for Heliophysics MIDEX concept Solar High Angular Resolution Photometric Imager (SHARPI) and decadal class mission concept Coronal Microscale Observer (CMO). | It also enables Astrophysics mission concepts such as Virtual Telescope for X-ray Observations (VTXO) | commercialization_context This technology will enable distributed telescopes with focal lengths far greater than achievable with optical booms.,,"Evidence is mainly concept or early validation oriented, with limited prototype or deployment signals; therefore the project was classified as Low."
145984,Boron Nitride Aid for High-Z X-ray Optics and Substrate Enhancements,Mid,Low,0.5295763235513395,"{'principle_score': 0.0, 'concept_score': 0.0, 'lab_validation_score': 0.0, 'prototype_score': 0.0, 'relevant_environment_score': 0.0, 'operational_environment_score': 0.0, 'commercialization_score': 0.2}","{'low': 0.4, 'mid': 0.6, 'high': 0.0}","commercialization_context Future X-ray missions will require literally thousands of curved, segmented glass mirrors, all coated with multiple layers of different materials to help them capture highly energetic X-ray photons.",,"Evidence is mainly concept or early validation oriented, with limited prototype or deployment signals; therefore the project was classified as Low."
125534,HARPOON - High Access Raman Probe with Onboard Optical Numerization,High,Low,0.6481013961037465,"{'principle_score': 0.0, 'concept_score': 0.0, 'lab_validation_score': 0.0, 'prototype_score': 0.25, 'relevant_environment_score': 0.0, 'operational_environment_score': 0.0, 'commercialization_score': 0.4}","{'low': 0.0, 'mid': 0.8, 'high': 0.2}","commercialization_context This technology can be applied to future NASA missions for planetary explorations of Mars and the Moon for the identification of elements and minerals for in-situ resource utilization. | No more than ever with the uncertainty of REE supplies from Russia in question, the US and particular the BOEM is looking to secure future REE for the production of new green energy. | Design and build the collection assembly for the VIPER Optical Probe Engineering Model suitable for deployment to the ocean floor to look for and map out Rare Earth Elements (REEs) and other elements and minerals. | variable focus lens, filters, mirrors, etc.) with the illumination assembly that enables the Optical Probe Engineering Model to perform rapid focusing and autofocusing to maximize the instrument performance.",,"Evidence is mainly concept or early validation oriented, with limited prototype or deployment signals; therefore the project was classified as Low."
106738,ISRU Pilot Excavator Bucket Drum Flow,Mid,Mid,0.6807853439410841,"{'principle_score': 0.0, 'concept_score': 0.0, 'lab_validation_score': 0.0, 'prototype_score': 0.0, 'relevant_environment_score': 0.0, 'operational_environment_score': 0.2, 'commercialization_score': 0.2}","{'low': 0.0, 'mid': 1.0, 'high': 0.0}","Summary of Flight Test 2025-02-04 On 2/4/25 the IPEx team successfully completed their Bucket Drum Subsystem Flight Test. | Summary of Flight Test 2025-02-04 On 2/4/25 the IPEx team successfully completed their Bucket Drum Subsystem Flight Test. | commercialization_context The In Situ Resource Utilization (ISRU) Pilot Excavator Bucket Drum Flow experiment is designed to assess the performance of a regolith collection method that relies on bucket drum excavation technology. | This has the potential to benefit NASA missions, the commercial space industry, other government agencies, and the nation.",,"Prototype, laboratory, or relevant-environment evidence was detected, but operational environment evidence was weak; therefore the project was classified as Mid."
10940,Materials on International Space Station Experiment – X,High,High,0.6393779446719731,"{'principle_score': 0.0, 'concept_score': 0.0, 'lab_validation_score': 0.2, 'prototype_score': 0.0, 'relevant_environment_score': 0.25, 'operational_environment_score': 0.2, 'commercialization_score': 0.2}","{'low': 0.0, 'mid': 0.0, 'high': 1.0}",The Materials International Space Station Experiment-X (MISSE-X) Technology Demonstration Mission is a collaborative effort among NASA Centers and the U.S. | The Materials International Space Station Experiment-X (MISSE-X) Technology Demonstration Mission is a collaborative effort among NASA Centers and the U.S. | The Materials International Space Station Experiment-X (MISSE-X) Technology Demonstration Mission is a collaborative effort among NASA Centers and the U.S. | The Materials International Space Station Experiment-X (MISSE-X) Technology Demonstration Mission is a collaborative effort among NASA Centers and the U.S. | It will be deployed in 2016.,,"High-TRL deployment or commercialization evidence was strong enough, and retrieval/model signals support a high maturity class."
17737,Evaluation of ADS-B Surveillance Data to Identify Flight Operations with Reduced Safety Margin in the National Airspace System,Low,Low,0.5186684819553756,"{'principle_score': 0.0, 'concept_score': 0.0, 'lab_validation_score': 0.2, 'prototype_score': 0.0, 'relevant_environment_score': 0.0, 'operational_environment_score': 0.0, 'commercialization_score': 0.2}","{'low': 0.4, 'mid': 0.2, 'high': 0.4}","Since comprehensive operational data of this quality and magnitude has not been available until now, new and innovative approaches for their analysis are needed. | Since comprehensive operational data of this quality and magnitude has not been available until now, new and innovative approaches for their analysis are needed. | commercialization_context - Establish a ""FOQA-Lite"" program available to general aviation pilots. | (could be commercial or non-commercial) - Generate a safety monitoring system that would allow NASA to evaluate operations of unmanned systems as they are being introduced into the National Airspace System, effectively introducing a real-time safety evaluation tool.",,"Evidence is mainly concept or early validation oriented, with limited prototype or deployment signals; therefore the project was classified as Low."
34212,Novel Ring-Configuration Double-Acting Free-Piston Stirling Convertor,Low,Mid,0.5318990326224164,"{'principle_score': 0.0, 'concept_score': 0.0, 'lab_validation_score': 0.0, 'prototype_score': 0.0, 'relevant_environment_score': 0.0, 'operational_environment_score': 0.0, 'commercialization_score': 0.2}","{'low': 0.6, 'mid': 0.4, 'high': 0.0}",commercialization_context Space Power Generation - The proposed innovation has the potential to support space power generation applications in the 10's – 100's We power range using radioisotope heat sources.,,"Prototype, laboratory, or relevant-environment evidence was detected, but operational environment evidence was weak; therefore the project was classified as Mid."
116436,Polaris Project: Spaceflight Autonomous Multigenerational Microbial Sequencer,Mid,High,0.7114268523579982,"{'principle_score': 0.0, 'concept_score': 0.0, 'lab_validation_score': 0.0, 'prototype_score': 0.25, 'relevant_environment_score': 0.0, 'operational_environment_score': 0.2, 'commercialization_score': 0.4}","{'low': 0.2, 'mid': 0.6, 'high': 0.2}","The SAMMS capability can provide across-generation monitoring of microbes relevant to plant production, water purification processes or in-situ resource utilization under spaceflight conditions, including increased radiation and reduced gravity and is amenable to the spaceflight form factor (small, light and automated). | The SAMMS capability can provide across-generation monitoring of microbes relevant to plant production, water purification processes or in-situ resource utilization under spaceflight conditions, including increased radiation and reduced gravity and is amenable to the spaceflight form factor (small, light and automated). | A breadboard system in a 4U CubeSat payload form factor was developed and demonstrated consisting of three modular components: a multigeneration microbiological culture chamber, a microfluidic charged info-storage polymer prep system (ChIPPS) sample extraction and purification device, a microfluidic library prep device that interfaces with an Oxford Nanopore MinION sequencing device (COTS). | A breadboard system in a 4U CubeSat payload form factor was developed and demonstrated consisting of three modular components: a multigeneration microbiological culture chamber, a microfluidic charged info-storage polymer prep system (ChIPPS) sample extraction and purification device, a microfluidic library prep device that interfaces with an Oxford Nanopore MinION sequencing device (COTS). | Technology infusion & innovation approach One or more of several technology-infusion mission opportunities are targeted for the 4U SAMMS payload: With a 2U lander-interface module, it can be delivered as a self-contained 6U system suitable for operation on a commercial lunar lander, Gateway, or the ISS; With a 2U bus and spacecraft it can be deployed as a free-flying satellite in or beyond LEO, as a future Artemis secondary payload.",,"High-TRL deployment or commercialization evidence was strong enough, and retrieval/model signals support a high maturity class."
116435,Polaris Project: Radiation Tolerant and Reliable Electric Displays: a Preliminary Assessment Necessary for Deep-spaceflight ApplicationS (2REDPANDAS),Mid,High,0.5163721275866373,"{'principle_score': 0.0, 'concept_score': 0.0, 'lab_validation_score': 0.2, 'prototype_score': 0.0, 'relevant_environment_score': 0.0, 'operational_environment_score': 0.0, 'commercialization_score': 0.4}","{'low': 0.2, 'mid': 0.6, 'high': 0.2}",This project will take foundational steps towards the production of radiation-tolerant displays for sustained human spaceflight missions beyond LEO. | The early career team will first characterize the radiation performance of the most promising commercially available display panel technologies. | The early career team will first characterize the radiation performance of the most promising commercially available display panel technologies. | The early career team will first characterize the radiation performance of the most promising commercially available display panel technologies.,,"High-TRL deployment or commercialization evidence was strong enough, and retrieval/model signals support a high maturity class."
146559,Space Rated Plasma Generating Power Supply Development,Mid,Mid,0.9502662094945741,"{'principle_score': 0.0, 'concept_score': 0.0, 'lab_validation_score': 0.0, 'prototype_score': 0.25, 'relevant_environment_score': 0.0, 'operational_environment_score': 0.0, 'commercialization_score': 0.2}","{'low': 0.0, 'mid': 1.0, 'high': 0.0}",This project tackled the development of a low TRL prototype 500 W plasma supply which will enable KSC's plasma-based ISRU related technologies to be demonstrated in the space environment. | commercialization_context A space rated plasma supply is a key component required for plasma-based space experiments which does not readily exist commercially or in academia.,,"Prototype, laboratory, or relevant-environment evidence was detected, but operational environment evidence was weak; therefore the project was classified as Mid."
18048,High Throughput Hall Thruster for Small Spacecraft,Mid,Mid,0.5097880002377008,"{'principle_score': 0.0, 'concept_score': 0.25, 'lab_validation_score': 0.2, 'prototype_score': 0.0, 'relevant_environment_score': 0.25, 'operational_environment_score': 0.0, 'commercialization_score': 0.4}","{'low': 0.2, 'mid': 0.8, 'high': 0.0}","commercialization_context The proposed 100-W thruster fills a void between existing micro-propulsion options and existing low power Hall thruster systems. | The system provides the benefits of electric propulsion (specific impulse, delta-V) to small, low cost spacecraft, a market which is presently underserved. | Testing with a nominal 200-W thruster showed the feasibility and desirability of both permanent magnets and a diamond discharge channel. | Testing with a nominal 200-W thruster showed the feasibility and desirability of both permanent magnets and a diamond discharge channel. | The first NASA application could be a small technology satellite demonstration satellite fueled by xenon or iodine propellant.",,"Prototype, laboratory, or relevant-environment evidence was detected, but operational environment evidence was weak; therefore the project was classified as Mid."
92782,Framework for Mining and Analysis of Petabyte-size Time-series on the NASA Earth Exchange (NEX),Low,Mid,0.41129732666044283,"{'principle_score': 0.0, 'concept_score': 0.0, 'lab_validation_score': 0.2, 'prototype_score': 0.0, 'relevant_environment_score': 0.25, 'operational_environment_score': 0.2, 'commercialization_score': 0.4}","{'low': 0.2, 'mid': 0.6, 'high': 0.2}","Apart from production use on the NEX system, we will deploy the system as a test-bed for users that will drive advancements in time-series analysis research, while providing unified access to billions of time-series. | Apart from production use on the NEX system, we will deploy the system as a test-bed for users that will drive advancements in time-series analysis research, while providing unified access to billions of time-series. | commercialization_context Advance Earth system science knowledge through the identification, development, and demonstration of innovative information systems technologies | However many currently available geospatial tools only provide easy access to the spatial rather than the temporal component. | In terms of specific technology areas outlined in the NRA, the proposed project will provide new big data analytics capability, as well as tools for scalable data mining and machine learning.",,"Prototype, laboratory, or relevant-environment evidence was detected, but operational environment evidence was weak; therefore the project was classified as Mid."
102250,Less Iron and More Switches Increase Range,Mid,Mid,0.6407679595683906,"{'principle_score': 0.0, 'concept_score': 0.0, 'lab_validation_score': 0.2, 'prototype_score': 0.25, 'relevant_environment_score': 0.0, 'operational_environment_score': 0.0, 'commercialization_score': 0.2}","{'low': 0.2, 'mid': 0.6, 'high': 0.2}","Current prototype motors and inverters for small aircraft electric propulsion have impressive efficiency of about 95 and 97% and typical power density of a little over 2kw/kg and 5kw/kg respectively. | Current prototype motors and inverters for small aircraft electric propulsion have impressive efficiency of about 95 and 97% and typical power density of a little over 2kw/kg and 5kw/kg respectively. | With independent ""Brains"" and ""Brawn"" sections, the inverter is scalable and can be distributed within the motor case, allowing fault tolerance and thermal integration benefits. | With independent ""Brains"" and ""Brawn"" sections, the inverter is scalable and can be distributed within the motor case, allowing fault tolerance and thermal integration benefits. | commercialization_context Scalable technology, at least 10-100kW for main propulsion, electric actuation, auxiliary drives etc Our innovations are relevant to any motor and inverter application with a high demand for performance, typically aerospace and military",,"Prototype, laboratory, or relevant-environment evidence was detected, but operational environment evidence was weak; therefore the project was classified as Mid."
102542,Autonomous Agent Cognitive Architectures for Human Exploration,Mid,Mid,0.9468672320327708,"{'principle_score': 0.0, 'concept_score': 0.5, 'lab_validation_score': 0.0, 'prototype_score': 0.25, 'relevant_environment_score': 0.0, 'operational_environment_score': 0.0, 'commercialization_score': 0.2}","{'low': 0.0, 'mid': 1.0, 'high': 0.0}","In Phase I, we explored different use cases and design concepts, developed designs and simple prototypes, and conducted an initial feasibility assessment. | In Phase I, we explored different use cases and design concepts, developed designs and simple prototypes, and conducted an initial feasibility assessment. | In Phase I, we explored different use cases and design concepts, developed designs and simple prototypes, and conducted an initial feasibility assessment. | Based on our findings in Phase I, SoarTech proposes in Phase II to develop a comprehensive working prototype cognitive architecture-based virtual assistant to support human exploration in deep space, and to demonstrate it in a representative environment. | commercialization_context As NASA moves toward more independent astronaut crews and to deep space missions, the Autonomous Virtual Assistant (AVA) will help astronauts perform tasks, diagnose problems, and brainstorm solutions without help from ground teams.",,"Prototype, laboratory, or relevant-environment evidence was detected, but operational environment evidence was weak; therefore the project was classified as Mid."
96541,A feasibility study of Raman optical activity for the detection and discrimination of chiral biological compounds for planetary science instrumentation,Low,Low,0.7683340708783215,"{'principle_score': 0.25, 'concept_score': 0.75, 'lab_validation_score': 0.2, 'prototype_score': 0.0, 'relevant_environment_score': 0.0, 'operational_environment_score': 0.0, 'commercialization_score': 0.2}","{'low': 0.4, 'mid': 0.6, 'high': 0.0}","While there is only one commercial-off-the-shelf (cots) Raman optical activity (ROA) spectrometer available, TRL 3, surprisingly to date however, no research using this technology as an innovative analytical technique for biosignature detection in astrobiology and planetary science has been undertaken. | Therefore, for the first time, this work would carry out a feasibility study to establish if ROA would afford the discrimination of the chirality of amino acids and carbohydrates in astrobiologically relevant simulant samples. | This feasibility study is not about building a ROA instrument, but rather, undertaking experiments to report and observe basic principles of ROA of chiral biological compounds in astrobiologically relevant simulant samples, entry TRL 1, and demonstrating the feasibility of this proof-of-concept, exit TRL 3. | This feasibility study is not about building a ROA instrument, but rather, undertaking experiments to report and observe basic principles of ROA of chiral biological compounds in astrobiologically relevant simulant samples, entry TRL 1, and demonstrating the feasibility of this proof-of-concept, exit TRL 3. | While there is only one commercial-off-the-shelf (cots) Raman optical activity (ROA) spectrometer available, TRL 3, surprisingly to date however, no research using this technology as an innovative analytical technique for biosignature detection in astrobiology and planetary science has been undertaken.",,"Evidence is mainly concept or early validation oriented, with limited prototype or deployment signals; therefore the project was classified as Low."
8952,Minimally Machined HoneySiC Mirrors for Low Areal Cost and Density,Low,Mid,0.8843160417629494,"{'principle_score': 0.0, 'concept_score': 0.75, 'lab_validation_score': 0.0, 'prototype_score': 0.0, 'relevant_environment_score': 0.0, 'operational_environment_score': 0.0, 'commercialization_score': 0.4}","{'low': 0.0, 'mid': 1.0, 'high': 0.0}",Phase I will start at TRL 2 (Technology concept) and mature to TRL 3 (Analytical and experimental critical function and/or characteristic proof of concept). | Phase I will start at TRL 2 (Technology concept) and mature to TRL 3 (Analytical and experimental critical function and/or characteristic proof of concept). | We estimate that the new material will be 3-10 times lighter than bulk silicon carbide and have a net production cost on the order of $38K per square meter. | We estimate that the new material will be 3-10 times lighter than bulk silicon carbide and have a net production cost on the order of $38K per square meter.,,"Prototype, laboratory, or relevant-environment evidence was detected, but operational environment evidence was weak; therefore the project was classified as Mid."
125598,In-Time Flight Anomaly Detection and Risk Prediction with Neural Networks,Mid,Mid,0.6978939533968518,"{'principle_score': 0.0, 'concept_score': 0.0, 'lab_validation_score': 0.2, 'prototype_score': 0.0, 'relevant_environment_score': 0.0, 'operational_environment_score': 0.0, 'commercialization_score': 0.2}","{'low': 0.6, 'mid': 0.4, 'high': 0.0}",We will apply active learning to reduce the labeling time and expense associated with subject matter expert review of statistical anomalies used to train our classifier. | We will also apply semi-supervised learning to improve the ability to learn from small labeled training datasets. | commercialization_context Our flight anomaly detection and risk prediction software will provide a key capability for NASA's In-time System-wide Safety Assurance (ISSA) initiative.,,"Prototype, laboratory, or relevant-environment evidence was detected, but operational environment evidence was weak; therefore the project was classified as Mid."
117469,"Multidimensional Processing and Visual Rendering of Complex 3D Biomedical Images, Year 2",Mid,High,0.6399601295888409,"{'principle_score': 0.0, 'concept_score': 0.0, 'lab_validation_score': 0.2, 'prototype_score': 0.0, 'relevant_environment_score': 0.0, 'operational_environment_score': 0.0, 'commercialization_score': 0.2}","{'low': 0.4, 'mid': 0.6, 'high': 0.0}",Successful protocol development was completed to optimize image acquisition and rendering in these regions and collaborations established with the engineers of the manufacturer of the Optical Coherence Tomography (OCT) imaging system used at NASA for direct application of novel image rendering techniques developed in year 1. | commercialization_context The objective of this project is to develop and utilize advanced image analysis techniques to maximize the resolution and utility of medical imaging methods being used during spaceflight.,,"High-TRL deployment or commercialization evidence was strong enough, and retrieval/model signals support a high maturity class."
12138,Graphitic Carbon Foam Structural Cores and Multifunctional Applications,Low,Low,0.7811680784815798,"{'principle_score': 0.0, 'concept_score': 0.0, 'lab_validation_score': 0.2, 'prototype_score': 0.25, 'relevant_environment_score': 0.0, 'operational_environment_score': 0.0, 'commercialization_score': 0.2}","{'low': 0.6, 'mid': 0.2, 'high': 0.2}","Project will procure available graphite foam products in small quantities, perform testing, and build simple prototype designs. | Project will procure available graphite foam products in small quantities, perform testing, and build simple prototype designs. | Project will procure available graphite foam products in small quantities, perform testing, and build simple prototype designs. | Several specific applications have been identified in thermal management systems, energy storage, and multifunctional structures that will require continued collaborative engineering between divisions to develop. | commercialization_context Improved performance and reduced mass of Multi-Mission Exploration Vehicle.",,"Evidence is mainly concept or early validation oriented, with limited prototype or deployment signals; therefore the project was classified as Low."
91541,Reactive Nano Scale Emulsions for High Performance Hybrid Propulsion,Low,Low,0.9738202901974216,"{'principle_score': 0.0, 'concept_score': 0.0, 'lab_validation_score': 0.0, 'prototype_score': 0.0, 'relevant_environment_score': 0.0, 'operational_environment_score': 0.0, 'commercialization_score': 0.2}","{'low': 0.2, 'mid': 0.8, 'high': 0.0}","commercialization_context Therefore, further research to optimize these mixture techniques could help to enhance the current state of hybrid fuels, potentially transforming NASA's technological capabilities.",,"Evidence is mainly concept or early validation oriented, with limited prototype or deployment signals; therefore the project was classified as Low."
158275,Airborne holographic probe for small ice detection,Mid,Mid,0.8962249636764523,"{'principle_score': 0.0, 'concept_score': 0.0, 'lab_validation_score': 0.0, 'prototype_score': 0.25, 'relevant_environment_score': 0.0, 'operational_environment_score': 0.0, 'commercialization_score': 0.2}","{'low': 0.0, 'mid': 0.8, 'high': 0.2}","commercialization_context NASA would benefit from the proposed research by obtaining a prototype instrument at the end of an eventual Phase II project that would be capable of operation during missions focusing on assessing contrail impacts on radiation and climate. | Our system will be capable of delivering the measurements required to better understand contrail formation and related aviation impacts on climate, as well as be applicable to a wide range of commercial applications, such as the detection and classification of airborne allergens, pathogens, and other large particles that have impacts on the atmosphere, plant, animal and human health, and visibility, among others. | Our system will be capable of delivering the measurements required to better understand contrail formation and related aviation impacts on climate, as well as be applicable to a wide range of commercial applications, such as the detection and classification of airborne allergens, pathogens, and other large particles that have impacts on the atmosphere, plant, animal and human health, and visibility, among others.",,"Prototype, laboratory, or relevant-environment evidence was detected, but operational environment evidence was weak; therefore the project was classified as Mid."
157998,Low SWaP-C RemoteID Device for UAS,High,Mid,0.5707660277146691,"{'principle_score': 0.0, 'concept_score': 0.0, 'lab_validation_score': 0.0, 'prototype_score': 0.0, 'relevant_environment_score': 0.0, 'operational_environment_score': 0.0, 'commercialization_score': 0.2}","{'low': 0.4, 'mid': 0.2, 'high': 0.4}",commercialization_context The technology developed here can be used for NASA's on-going wildland fire management programs such as ACERO (Advanced Capabilities for Emergency Response Operations) and Fire Sense.,,"Prototype, laboratory, or relevant-environment evidence was detected, but operational environment evidence was weak; therefore the project was classified as Mid."
158139,Creating Blazed Gratings for Freeform Mirror Surfaces,Mid,Low,0.7426710630843494,"{'principle_score': 0.0, 'concept_score': 0.25, 'lab_validation_score': 0.0, 'prototype_score': 0.0, 'relevant_environment_score': 0.0, 'operational_environment_score': 0.0, 'commercialization_score': 0.4}","{'low': 0.4, 'mid': 0.6, 'high': 0.0}","commercialization_context NASA systems require wide fields of view in small, lightweight packages. | This enables the development of extreme ultraviolet instruments that were previously limited by the groove profiles of ruled and holographic gratings.The market for optical gratings is well established and Spectrum Scientific currently ships over 30,000 diffraction gratings annually to a variety of customers in the life science, telecommunication, photonics, aerospace, and defense markets. | The application of aberration-corrected RIBE gratings to freeform surfaces has paradigm-shifting potential for both the functionality and feasibility of spaceborne instruments including CubeSat and SmallSat. | The application of aberration-corrected RIBE gratings to freeform surfaces has paradigm-shifting potential for both the functionality and feasibility of spaceborne instruments including CubeSat and SmallSat.",,"Evidence is mainly concept or early validation oriented, with limited prototype or deployment signals; therefore the project was classified as Low."
146477,Structured Sorbents: Rapid Cycle Temperature Swing Adsorption (TSA),Mid,Mid,0.6661447125864273,"{'principle_score': 0.0, 'concept_score': 0.25, 'lab_validation_score': 0.0, 'prototype_score': 0.0, 'relevant_environment_score': 0.0, 'operational_environment_score': 0.0, 'commercialization_score': 0.2}","{'low': 0.2, 'mid': 0.8, 'high': 0.0}","This project will design, build, and test a subscale adsorption bed of this type based on proof-of-concept demonstrated in ES62 in FY21. | This project will design, build, and test a subscale adsorption bed of this type based on proof-of-concept demonstrated in ES62 in FY21. | commercialization_context This technology constitutes a revolutionary change in CO2 removal compared with the state of the art.",,"Prototype, laboratory, or relevant-environment evidence was detected, but operational environment evidence was weak; therefore the project was classified as Mid."
23198,Sensorimotor Assessment and Rehabilitation Apparatus: Procedures and Equipment,Mid,Mid,0.9876438145834814,"{'principle_score': 0.0, 'concept_score': 0.0, 'lab_validation_score': 0.4, 'prototype_score': 0.0, 'relevant_environment_score': 0.0, 'operational_environment_score': 0.0, 'commercialization_score': 0.2}","{'low': 0.2, 'mid': 0.8, 'high': 0.0}","The final device will be small, require little power and space, and provide what is essentially a self-contained sensorimotor lab/clinic. | SARA has been designed to measure the following functional behaviors, chosen based on laboratory and parabolic flight studies, as being relevant for safe and effective functioning in the space flight environment and likely also to be affected by long-duration space flight: 1. | commercialization_context Our sensorimotor assessment apparatus has been implemented on a tablet computer and motion sensors with Bluetooth wireless link.",,"Prototype, laboratory, or relevant-environment evidence was detected, but operational environment evidence was weak; therefore the project was classified as Mid."
118285,Characterization of Lithium-Ion battery cycling through the freeze-thaw process,Low,Low,0.9439633625771188,"{'principle_score': 0.0, 'concept_score': 0.0, 'lab_validation_score': 0.0, 'prototype_score': 0.0, 'relevant_environment_score': 0.0, 'operational_environment_score': 0.0, 'commercialization_score': 0.2}","{'low': 0.4, 'mid': 0.6, 'high': 0.0}",commercialization_context,,"Evidence is mainly concept or early validation oriented, with limited prototype or deployment signals; therefore the project was classified as Low."
146513,Photonic Coronagraphs for Direct Imaging of Exoplanets,Low,Low,0.8797854754565396,"{'principle_score': 0.0, 'concept_score': 0.0, 'lab_validation_score': 0.0, 'prototype_score': 0.0, 'relevant_environment_score': 0.0, 'operational_environment_score': 0.0, 'commercialization_score': 0.2}","{'low': 0.2, 'mid': 0.8, 'high': 0.0}","commercialization_context This project will leverage and synergize, for the first time for NASA, non-astronomical applications, ground-based astronomy, space-based astronomy, and theoretical models predict substantial performance improvements with photonics.",,"Evidence is mainly concept or early validation oriented, with limited prototype or deployment signals; therefore the project was classified as Low."
118267,Rotating Detonation Combustion for Space Engines using Reduced Toxicity Hypergolic Propellants,Mid,Low,0.6847602314373795,"{'principle_score': 0.0, 'concept_score': 0.0, 'lab_validation_score': 0.0, 'prototype_score': 0.0, 'relevant_environment_score': 0.0, 'operational_environment_score': 0.0, 'commercialization_score': 0.2}","{'low': 0.4, 'mid': 0.6, 'high': 0.0}","commercialization_context This project explores higher specific impulse and lower weight space engines for a variety of NASA missions including Orbital Maneuvering/Reaction Control Systems, Planetary Descent/Ascent, Deep Space Exploration.",,"Evidence is mainly concept or early validation oriented, with limited prototype or deployment signals; therefore the project was classified as Low."
11710,Advanced Ground Systems Maintenance Anomaly Detection,High,Mid,0.9333011940800755,"{'principle_score': 0.0, 'concept_score': 0.0, 'lab_validation_score': 0.2, 'prototype_score': 0.0, 'relevant_environment_score': 0.0, 'operational_environment_score': 0.0, 'commercialization_score': 0.2}","{'low': 0.0, 'mid': 1.0, 'high': 0.0}","The development of the IMS was motivated by the difficulty of producing detailed diagnostic models of some system components due to complexity or unavailability of design information. | Anomaly Detection provides the 21st Century Launch Complex Program with the ability to identify/recognize systems' anomalies before they become faults in the system; it supports the resolution of such anomalies to assure system availability and mission success. | commercialization_context Anomaly Detection can lead to early intervention, prevent further system damage, and reduce remediation cost and effort.",,"Prototype, laboratory, or relevant-environment evidence was detected, but operational environment evidence was weak; therefore the project was classified as Mid."
93086,Characterize Human Forward Contamination: Advanced Extravehicular Activity (EVA) Spacesuits,Low,Mid,0.8241496785098922,"{'principle_score': 0.0, 'concept_score': 0.0, 'lab_validation_score': 0.0, 'prototype_score': 0.0, 'relevant_environment_score': 0.0, 'operational_environment_score': 0.0, 'commercialization_score': 0.2}","{'low': 0.4, 'mid': 0.2, 'high': 0.4}",commercialization_context The first step is to understand the mechanisms and risks involved in potentially releasing human contamination from our spacesuits.,,"Prototype, laboratory, or relevant-environment evidence was detected, but operational environment evidence was weak; therefore the project was classified as Mid."
125577,Improved Environmental Protection Garment (IEPG) Fabric,High,Mid,0.9155765875915168,"{'principle_score': 0.0, 'concept_score': 0.0, 'lab_validation_score': 0.0, 'prototype_score': 0.25, 'relevant_environment_score': 0.0, 'operational_environment_score': 0.0, 'commercialization_score': 0.2}","{'low': 0.4, 'mid': 0.6, 'high': 0.0}","Full scale prototypes will be fabricated for puncture, dust, and abrasion tests as well as hyper-velocity impact testing to confirm micrometeroid protection. | Full scale prototypes will be fabricated for puncture, dust, and abrasion tests as well as hyper-velocity impact testing to confirm micrometeroid protection. | commercialization_context Weight savings by creation of smart/multifunctional textile and composite products that enable lighter weight electronics, communication, and power transfer in a damage tolerant, redundant circuits. | Wearable eTextile technology for commercial electronics and flexible electronics to create smart fabrics and integrate electronics and microprocessor capability into garments for productivity, entertainment, remote sensing medical diagnostics capability.",,"Prototype, laboratory, or relevant-environment evidence was detected, but operational environment evidence was weak; therefore the project was classified as Mid."
17985,Seed-Derived Second Harmonic Source for In-Situ Alignment and Calibration of Trace Gas Measurement Instruments,Mid,Mid,0.9425632375290242,"{'principle_score': 0.25, 'concept_score': 0.25, 'lab_validation_score': 0.0, 'prototype_score': 0.0, 'relevant_environment_score': 0.0, 'operational_environment_score': 0.0, 'commercialization_score': 0.4}","{'low': 0.0, 'mid': 1.0, 'high': 0.0}","commercialization_context Several NASA applications include the use of a frequency doubling module to generate fixed or tunable radiation from the visible to near IR. | Additional markets that can utilize compact, rugged, highly efficient, wavelength conversion modules are free space telecommunications, remote sensing, precision spectroscopy, interferometry and frequency metrology. | In addition to its use with NASA's nonlinear optical material based photonic applications, the technology will be of use for military applications, sensing and environmental monitoring, and basic research. | This SBIR Phase I effort will demonstrate the feasibility of developing a tunable, high-power, narrowband seed laser source integrated with a broadband, waveguide-based second harmonic generation (SHG) module to allow in situ alignment, component testing and calibration across the tuning range of fiber-based lidar systems for measuring atmospheric oxygen concentrations. | This SBIR Phase I effort will demonstrate the feasibility of developing a tunable, high-power, narrowband seed laser source integrated with a broadband, waveguide-based second harmonic generation (SHG) module to allow in situ alignment, component testing and calibration across the tuning range of fiber-based lidar systems for measuring atmospheric oxygen concentrations.",,"Prototype, laboratory, or relevant-environment evidence was detected, but operational environment evidence was weak; therefore the project was classified as Mid."
113396,"Near Real-Time Computational Noise Monitoring Tool for UAM e-VTOL Aircraft, Phase II",Mid,High,0.6786620992145335,"{'principle_score': 0.0, 'concept_score': 0.25, 'lab_validation_score': 0.0, 'prototype_score': 0.0, 'relevant_environment_score': 0.5, 'operational_environment_score': 0.0, 'commercialization_score': 0.2}","{'low': 0.6, 'mid': 0.4, 'high': 0.0}","commercialization_context NASA's Testbed can use our integrated UNIT software to produce real-time simulations to analyze the environmental impacts of future UAM e-VTOL scenarios, as well as non-UAM scenarios with conventional fixed-wing and rotary-wing aircraft. | UNIT can be used for planned flight demonstrations, such as the AAM National Campaign and the ATM-X Initial UAM Ops Integration sub-project by supporting optimization of future noise-sensitive routes. | It enables early determination of aircraft noise impacts and likelihood of public acceptance in populated areas, which are critical to the feasible design of new operating concepts for UAM e-VTOL vehicles and improvements in conventional fixed-wing and rotary-wing operations. | There are three parts to the innovation: (1) the ability to calculate noise impacts in near real-time at any location, (2) the ability to model the noise produced by conceptual UAM, fixed-wing, and rotary-wing aircraft, and (3) the development of people-focused noise metrics that consider the movement of people throughout the day. | The results of our efforts will be useful to NASA's current interest in enabling UAM through their ATM-X project and AAM National Campaign research efforts, as well as being commercializable for airports, urban communities, and flight operators.",,"High-TRL deployment or commercialization evidence was strong enough, and retrieval/model signals support a high maturity class."
146980,RP/Ox Staged Combustion Operability for Rotating Detonation Rocket Engines,Mid,Mid,0.9844000501800083,"{'principle_score': 0.0, 'concept_score': 0.25, 'lab_validation_score': 0.0, 'prototype_score': 0.0, 'relevant_environment_score': 0.0, 'operational_environment_score': 0.0, 'commercialization_score': 0.2}","{'low': 0.2, 'mid': 0.8, 'high': 0.0}",Project Objective This work directly identifies the feasibility of staged combustion detonation engines. | Project Objective This work directly identifies the feasibility of staged combustion detonation engines. | commercialization_context The prime objective of this work is to assess the performance and operability of an additively manufactured RDRE chamber using Gox and RP-2 propellants.,,"Prototype, laboratory, or relevant-environment evidence was detected, but operational environment evidence was weak; therefore the project was classified as Mid."
9247,Non-Catalytic Nanocomposite Based Self-Healing Material for Multifunctional Composite,Mid,Mid,0.8441909320448195,"{'principle_score': 0.0, 'concept_score': 0.5, 'lab_validation_score': 0.0, 'prototype_score': 0.0, 'relevant_environment_score': 0.0, 'operational_environment_score': 0.0, 'commercialization_score': 0.4}","{'low': 0.2, 'mid': 0.6, 'high': 0.2}","NASA seeks new materials and systems for the mitigation of structural damage, and new concepts for the activation of healing mechanisms to improve structural durability and enhance safe operation of aerospace structural systems. | This Phase I program will demonstrate the feasibility of our proposed self-healing approach. | The proposed self-healing approach integrates high performance functionalized carbon nanotube (CNT) nanofillers, reactive monomer solution, non-catalytic curing mechanism, and mass-production self-healing microcapsules. | The proposed self-healing approach integrates high performance functionalized carbon nanotube (CNT) nanofillers, reactive monomer solution, non-catalytic curing mechanism, and mass-production self-healing microcapsules.",,"Prototype, laboratory, or relevant-environment evidence was detected, but operational environment evidence was weak; therefore the project was classified as Mid."
93193,"3D Printing Heat Shields, Year 1",Low,Low,0.5883025928679165,"{'principle_score': 0.0, 'concept_score': 0.25, 'lab_validation_score': 0.0, 'prototype_score': 0.0, 'relevant_environment_score': 0.0, 'operational_environment_score': 0.0, 'commercialization_score': 0.4}","{'low': 0.4, 'mid': 0.6, 'high': 0.0}","The approach will be to develop new TPS materials that are compatible with 3D printing techniques which opens the door to automating TPS production and installation. | The approach will be to develop new TPS materials that are compatible with 3D printing techniques which opens the door to automating TPS production and installation. | After demonstrating the feasibility of 3D printing small test coupons with good thermal performance, it is planned to submit a proposal to STMD to build and test a heat shield of approximately 1 meter in diameter.",,"Evidence is mainly concept or early validation oriented, with limited prototype or deployment signals; therefore the project was classified as Low."
33336,"High Temperature ""Smart"" P3 Sensors and Electronics for Distributed Engine Control",Mid,Mid,0.9696332461655749,"{'principle_score': 0.0, 'concept_score': 0.0, 'lab_validation_score': 0.2, 'prototype_score': 0.0, 'relevant_environment_score': 0.25, 'operational_environment_score': 0.0, 'commercialization_score': 0.4}","{'low': 0.0, 'mid': 1.0, 'high': 0.0}","commercialization_context The proposed sensor directly supports NASA Aeronautics Research Mission Directorate (ARMD) research thrusts including vehicle safety, efficiency and carbon emission reduction. | Aero propulsion turbine engines, communally used in commercial and military jets, would benefit significantly by having a non-invasive, small mass, on engine component sensor allowing for visibility of the conditions in the turbine engine. | The long-term objective of the proposed effort is to advance high-temperature P3 sensor technology for DEC applications through working with OEM partners and industry working groups to: (1) to iterate the current technology toward DEC formats/functions, (2) advance the digital electronics design/firmware and high temperature electronics, and (3) (through demonstration and stakeholder collaboration) present the viability (technical and business case) of the proposed sensor. | The long-term objective of the proposed effort is to advance high-temperature P3 sensor technology for DEC applications through working with OEM partners and industry working groups to: (1) to iterate the current technology toward DEC formats/functions, (2) advance the digital electronics design/firmware and high temperature electronics, and (3) (through demonstration and stakeholder collaboration) present the viability (technical and business case) of the proposed sensor. | NASA in collaboration with Air Force Research Lab (AFRL) has been conducting research in developing technologies to enable Distributed Engine Control (DEC) architectures.",,"Prototype, laboratory, or relevant-environment evidence was detected, but operational environment evidence was weak; therefore the project was classified as Mid."
9559,"Lightweight, Efficient Power Converters for Advanced Turboelectric Aircraft Propulsion Systems",Mid,Mid,0.9845371682969468,"{'principle_score': 0.0, 'concept_score': 0.0, 'lab_validation_score': 0.2, 'prototype_score': 0.0, 'relevant_environment_score': 0.25, 'operational_environment_score': 0.0, 'commercialization_score': 0.2}","{'low': 0.0, 'mid': 1.0, 'high': 0.0}","MTECH is currently working toward a demonstration site of such a distribution system, which could utilize the components developed in this NASA program. | Other non-NASA federal government applications include a cryogenic motor drive system for the Navy's All-Electric Ship program, and equipment for superconducting accelerators at DOE national accelerator labs. | commercialization_context Commercial applications include industrial utility projects to develop superconducting power transmission, superconducting wind turbine generators, and distribution systems for large buildings such as data centers and manufacturing plants based on superconducting cables.",,"Prototype, laboratory, or relevant-environment evidence was detected, but operational environment evidence was weak; therefore the project was classified as Mid."
145972,"Radiator for Nuclear Powered Spacecraft, Year 2",Mid,Mid,0.6743272113339981,"{'principle_score': 0.0, 'concept_score': 0.0, 'lab_validation_score': 0.0, 'prototype_score': 0.0, 'relevant_environment_score': 0.0, 'operational_environment_score': 0.0, 'commercialization_score': 0.2}","{'low': 0.6, 'mid': 0.4, 'high': 0.0}",commercialization_context Woven bare carbon fins are applicable to all future missions using nuclear electric power and propulsion and to some solar system planetary surface missions using nuclear power generation systems.,,"Prototype, laboratory, or relevant-environment evidence was detected, but operational environment evidence was weak; therefore the project was classified as Mid."
9500,Advanced Oxidation Technology for Potable Water Disinfection,Mid,Mid,0.9734276773928205,"{'principle_score': 0.0, 'concept_score': 0.0, 'lab_validation_score': 0.2, 'prototype_score': 0.0, 'relevant_environment_score': 0.0, 'operational_environment_score': 0.0, 'commercialization_score': 0.4}","{'low': 0.0, 'mid': 1.0, 'high': 0.0}","During the Phase I project, the effectiveness of the proposed system for potable water production will be demonstrated. | During the Phase I project, the effectiveness of the proposed system for potable water production will be demonstrated. | The availability of high-quality potable water is essential in crewed space missions. | The availability of high-quality potable water is essential in crewed space missions.",,"Prototype, laboratory, or relevant-environment evidence was detected, but operational environment evidence was weak; therefore the project was classified as Mid."
14777,Flight Hardware Virtualization for On-Board Science Data Processing Project,Mid,Low,0.38527188590699646,"{'principle_score': 0.0, 'concept_score': 0.0, 'lab_validation_score': 0.2, 'prototype_score': 0.25, 'relevant_environment_score': 0.0, 'operational_environment_score': 0.0, 'commercialization_score': 0.2}","{'low': 0.4, 'mid': 0.4, 'high': 0.2}","If successful, the project will produce a prototype embedded hypervisor system that consists of a of a LEON3 processor board, a real time Core Flight Executive Virtual Machine, and a Science Data processing Virtual Machine. | Prototype Virtualization Environment 6. | Setup Lab and Software Development Evironment 4. | Setup Lab and Software Development Evironment 4. | commercialization_context Decreased software integration and debug time.",,"Evidence is mainly concept or early validation oriented, with limited prototype or deployment signals; therefore the project was classified as Low."
12856,A Scalable Semantics-Based Verification System for Flight Critical Software,High,High,0.5716199338603494,"{'principle_score': 0.0, 'concept_score': 0.0, 'lab_validation_score': 0.2, 'prototype_score': 0.0, 'relevant_environment_score': 0.0, 'operational_environment_score': 0.0, 'commercialization_score': 0.4}","{'low': 0.2, 'mid': 0.4, 'high': 0.4}","commercialization_context Our matching logic verification system for the C programming language will lower the time to develop, and reduce the number of bugs in NASA software. | We plan to market our completed tool to software companies, such as Microsoft and Google. | Ultimately, our proposed research will result in a verifier that is both more scalable and more trustworthy than the competition. | Ultimately, our proposed research will result in a verifier that is both more scalable and more trustworthy than the competition.",,"High-TRL deployment or commercialization evidence was strong enough, and retrieval/model signals support a high maturity class."
113284,Infiltrated Hafnium Carbonitride Protective Layers for Carbon Composite Hot Structures,Mid,Mid,0.8054330545494455,"{'principle_score': 0.0, 'concept_score': 0.0, 'lab_validation_score': 0.0, 'prototype_score': 0.0, 'relevant_environment_score': 0.0, 'operational_environment_score': 0.0, 'commercialization_score': 0.2}","{'low': 0.2, 'mid': 0.8, 'high': 0.0}","commercialization_context Reentry vehicles, access to space, heat shields, crew capsules, boost engine exit cones, altitude control engine nozzles, roll control engine nozzles, reentry aeroshells Hypersonic vehicle leading edges, commercial access to space, heat shields, commercial crew capsules, missiles, missile defense interceptors, scramjet inlets, hypersonic airplanes",,"Prototype, laboratory, or relevant-environment evidence was detected, but operational environment evidence was weak; therefore the project was classified as Mid."
18406,SWIFT-nanoLV Avionics Platform,Mid,Mid,0.9505109935094966,"{'principle_score': 0.0, 'concept_score': 0.25, 'lab_validation_score': 0.2, 'prototype_score': 0.25, 'relevant_environment_score': 0.0, 'operational_environment_score': 0.0, 'commercialization_score': 0.2}","{'low': 0.0, 'mid': 0.8, 'high': 0.2}","After developing a concept design and testing brassboard prototypes in the Phase I effort, TUI will build and test a fully functional avionics platform in the Phase II effort. | After developing a concept design and testing brassboard prototypes in the Phase I effort, TUI will build and test a fully functional avionics platform in the Phase II effort. | After developing a concept design and testing brassboard prototypes in the Phase I effort, TUI will build and test a fully functional avionics platform in the Phase II effort. | After developing a concept design and testing brassboard prototypes in the Phase I effort, TUI will build and test a fully functional avionics platform in the Phase II effort. | The availability of low-cost, responsive nano/micro launch vehicles will increase the ability for these agencies to field those missions.",,"Prototype, laboratory, or relevant-environment evidence was detected, but operational environment evidence was weak; therefore the project was classified as Mid."
10536,Miniature Universal Sampling System for Scientific Instruments Project,Low,Low,0.9170451161773947,"{'principle_score': 0.0, 'concept_score': 0.0, 'lab_validation_score': 0.0, 'prototype_score': 0.0, 'relevant_environment_score': 0.0, 'operational_environment_score': 0.0, 'commercialization_score': 0.2}","{'low': 0.2, 'mid': 0.6, 'high': 0.2}","commercialization_context Plasma-based sampling systems offer three key advantages over other sampling systems: 1) they do not require sample preparation, 2) they can analyze in real-time, and 3) they do not rely on volatility - meaning they are capable of sampling solids, liquids or gases.",,"Evidence is mainly concept or early validation oriented, with limited prototype or deployment signals; therefore the project was classified as Low."
89756,Robotic ISRU Construction of Planetary Landing and Launch Pad,Mid,Mid,0.9067870950526559,"{'principle_score': 0.0, 'concept_score': 0.0, 'lab_validation_score': 0.0, 'prototype_score': 0.0, 'relevant_environment_score': 0.0, 'operational_environment_score': 0.0, 'commercialization_score': 0.2}","{'low': 0.2, 'mid': 0.8, 'high': 0.0}",commercialization_context NASA applications include building landing pads on planetary surfaces covered in regolith such as for example Mars and the Moon. | Non-NASA space related applications would include mining of resources for commercial gain.,,"Prototype, laboratory, or relevant-environment evidence was detected, but operational environment evidence was weak; therefore the project was classified as Mid."
94971,Simulation of Lander Plume-Induced Particle Clouds and Surface Cratering,Mid,Mid,0.8740157253539963,"{'principle_score': 0.25, 'concept_score': 0.25, 'lab_validation_score': 0.2, 'prototype_score': 0.0, 'relevant_environment_score': 0.25, 'operational_environment_score': 0.0, 'commercialization_score': 0.4}","{'low': 0.2, 'mid': 0.8, 'high': 0.0}","This simulation tool was matured to production readiness in a FY18 Tip project but was limited to the ability to model a single regolith particle size. | The upgraded tool components and the process to generate the more complex multi-size particle physics models will be ported to NASA supercomputers, the process of generating the required databases and integrating them into a simulation will be established, and the simulation capability matured to production readiness. | The DEM is applied as a first principle method to extract and formulate the granular material physics constituent models. | This TIP project will advance multi-particle physics interaction simulation capability from TRL 4 (i.e., fully functioning simulation process) to a TRL of 5 or 6, i.e., establishing a full production level simulation demonstration for lander concept development support. | Application demonstrations will be performed for both Martian and Lunar environments.",,"Prototype, laboratory, or relevant-environment evidence was detected, but operational environment evidence was weak; therefore the project was classified as Mid."
9408,Self-healing Nanocomposites for Reusable Composite Cryotanks,Mid,Mid,0.7398747976036117,"{'principle_score': 0.0, 'concept_score': 0.5, 'lab_validation_score': 0.0, 'prototype_score': 0.25, 'relevant_environment_score': 0.0, 'operational_environment_score': 0.0, 'commercialization_score': 0.2}","{'low': 0.2, 'mid': 0.8, 'high': 0.0}","Phase II will build upon the Phase I program to enable a TRL 5-6 working proof of concept and prototype for NASA testing, capable of long term use with high cycle performance at cryogenic temperatures. | Phase II will build upon the Phase I program to enable a TRL 5-6 working proof of concept and prototype for NASA testing, capable of long term use with high cycle performance at cryogenic temperatures. | Phase II will build upon the Phase I program to enable a TRL 5-6 working proof of concept and prototype for NASA testing, capable of long term use with high cycle performance at cryogenic temperatures. | Phase II will build upon the Phase I program to enable a TRL 5-6 working proof of concept and prototype for NASA testing, capable of long term use with high cycle performance at cryogenic temperatures. | commercialization_context Future NASA missions will rely on the use of composite structures as main structural members of space vehicles and composite overwrapped pressure vessels (COPVs) for spaceflight propellant tanks to store fuels, oxidizers, and other liquids for launch and space exploration vehicles.",,"Prototype, laboratory, or relevant-environment evidence was detected, but operational environment evidence was weak; therefore the project was classified as Mid."
113047,"Adaptive, Velocity-Sensing Receiver for In-Line Inspection of Additive Manufactured Aerospace Parts",Mid,Mid,0.9820366644280253,"{'principle_score': 0.0, 'concept_score': 0.25, 'lab_validation_score': 0.2, 'prototype_score': 0.0, 'relevant_environment_score': 0.0, 'operational_environment_score': 0.0, 'commercialization_score': 0.4}","{'low': 0.2, 'mid': 0.6, 'high': 0.2}","commercialization_context Additive manufacturing is finding broad applications by NASA and its contractors for the fabrication of high-value, safety-critical components. | The enhanced in-line AM inspection system described in this proposal will enable the production of fully qualified AM parts to be used in the Orion Spacecraft and the Space Launch System. | In a previous NASA SBIR project, we demonstrated the feasibility of filling this gap by applying laser ultrasonic testing (LUT) for nondestructive evaluation of each AM deposited layer in real time as it is formed. | In a previous NASA SBIR project, we demonstrated the feasibility of filling this gap by applying laser ultrasonic testing (LUT) for nondestructive evaluation of each AM deposited layer in real time as it is formed. | While AM has many benefits, there is a gap in the availability of reliable techniques to qualify the finished parts.",,"Prototype, laboratory, or relevant-environment evidence was detected, but operational environment evidence was weak; therefore the project was classified as Mid."
89909,Real-Time Integrated Navigation System for Planetary Exploration (RT-INSPEX),High,Mid,0.9675020843232831,"{'principle_score': 0.0, 'concept_score': 0.0, 'lab_validation_score': 0.2, 'prototype_score': 0.0, 'relevant_environment_score': 0.0, 'operational_environment_score': 0.0, 'commercialization_score': 0.2}","{'low': 0.0, 'mid': 1.0, 'high': 0.0}","The capability of localization without GNSS using vision can be used to know one's position in consumer applications when GPS is not available or intermittent. | Further areas the technology would find application in include: (1) commercially available and military based personnel tracking devices; (2) GPS-free navigation for both manned and unmanned ground, air, and sea vehicles; (3) military missions involving unmanned platforms; (4) accurate floor plan mapping of GPS-denied indoor environments that pose a risk for human intervention; (5) robotic surveillance applications; (6) aiding search and rescue missions; and (7) local law enforcement agencies for detecting the locations of harmful objects. | The final system can be applied to a variety of systems for NASA, the military, and in the commercial sector. | The final system can be applied to a variety of systems for NASA, the military, and in the commercial sector.",,"Prototype, laboratory, or relevant-environment evidence was detected, but operational environment evidence was weak; therefore the project was classified as Mid."
146312,Using Goddard's High-Speed Interferometry to Characterize Deformable Mirror Dynamics and Stability,Mid,Low,0.9018620455261241,"{'principle_score': 0.0, 'concept_score': 0.25, 'lab_validation_score': 0.0, 'prototype_score': 0.0, 'relevant_environment_score': 0.5, 'operational_environment_score': 0.0, 'commercialization_score': 0.2}","{'low': 0.6, 'mid': 0.4, 'high': 0.0}","We plan to integrate the HSI into the Exoplanet Spectroscopy (ExoSpec) Testbed to interrogate the dynamics of a Kilo DM from Boston Micromachines Corp. | Specific project objectives to be completed within one year include the characterization of instabilities due to noise in drive electronics, a demonstration of the capability to make drift measurements over longer timescales, and the characterization of a 3-DOF picometer-capable actuator. | commercialization_context The detection and characterization of habitable worlds around other stars is one of the key science goals for the Astro 2020 Decadal large mission concepts like LUVOIR and HabEx and is aligned with NASA's strategic objective to search for life elsewhere. | commercialization_context The detection and characterization of habitable worlds around other stars is one of the key science goals for the Astro 2020 Decadal large mission concepts like LUVOIR and HabEx and is aligned with NASA's strategic objective to search for life elsewhere.",,"Evidence is mainly concept or early validation oriented, with limited prototype or deployment signals; therefore the project was classified as Low."
93102,Human Robotic Systems (HRS): Robotic ISRU Acquisition: Exploration Ground Data Systems (xGDS),Mid,Mid,0.9927786991957372,"{'principle_score': 0.0, 'concept_score': 0.0, 'lab_validation_score': 0.2, 'prototype_score': 0.0, 'relevant_environment_score': 0.0, 'operational_environment_score': 0.2, 'commercialization_score': 0.2}","{'low': 0.0, 'mid': 0.6, 'high': 0.4}","In particular, we focus on interacting with systems with constrained communications, including intermittent communications availability or lunar to near Earth asteroid (NEA) time delays of 3 to 50 seconds, applicable to near-term missions such as the lunar Resource Prospector (RP) or the Asteroid Redirect Mission (ARM). | In particular, we focus on interacting with systems with constrained communications, including intermittent communications availability or lunar to near Earth asteroid (NEA) time delays of 3 to 50 seconds, applicable to near-term missions such as the lunar Resource Prospector (RP) or the Asteroid Redirect Mission (ARM). | Deployment and field testing will be funded by the Science Mission Directorate (SMD) in support of the SMD Mojave Volatiles Prospector (MVP) field test, with the ultimate goal of maturing parts of the xGDS system (the traverse planner, real time plotting, and raster mapping tools) to a level where they will be ready to be infused into the lunar Resource Prospector (RP), which is being developed within NASA through a partnership between STMD/GCD and HEOMD/AES. | commercialization_context In FY14, we will develop time-delayed image and video processing and archiving tools, and add support for mobile devices.",,"Prototype, laboratory, or relevant-environment evidence was detected, but operational environment evidence was weak; therefore the project was classified as Mid."
125559,High Temperature Additively Manufactured ROM for Venus Surface Operation,Mid,High,0.45979416263790707,"{'principle_score': 0.0, 'concept_score': 0.25, 'lab_validation_score': 0.2, 'prototype_score': 0.0, 'relevant_environment_score': 0.0, 'operational_environment_score': 0.0, 'commercialization_score': 0.4}","{'low': 0.0, 'mid': 1.0, 'high': 0.0}","commercialization_context The proposed HT additive ROM is the next logical development step for enhancing computational power on the corrosive, high-pressure (~100 bar), high-temperature (up to 500˚C) Venus surface. | Any application that needs very high temperature data collection is a potential market. | Each design will be tested at 500C to validate feasibility of Venus surface operation. | Each design will be tested at 500C to validate feasibility of Venus surface operation. | The body of this work will culminate in a scalable ROM structure that can accompany the SiC RISC-V chipset in a single heterogenous package.",,"High-TRL deployment or commercialization evidence was strong enough, and retrieval/model signals support a high maturity class."
14683,Carbon Nanotube Multifunctional Tendons for Tensegrity Robots Project,Mid,Low,0.8162634608329613,"{'principle_score': 0.0, 'concept_score': 0.0, 'lab_validation_score': 0.2, 'prototype_score': 0.0, 'relevant_environment_score': 0.0, 'operational_environment_score': 0.0, 'commercialization_score': 0.2}","{'low': 0.8, 'mid': 0.2, 'high': 0.0}",This effort is a collaboration with NASA Ames to develop multifunctional tendons based upon carbon nanotube wires and yarns and demonstrates their use in actuation systems representative of those used in tensegrity robots. | This effort is a collaboration with NASA Ames to develop multifunctional tendons based upon carbon nanotube wires and yarns and demonstrates their use in actuation systems representative of those used in tensegrity robots. | commercialization_context The proposed innovation will have broad potential impact in NASA space exploration and aeronautics applications.,,"Evidence is mainly concept or early validation oriented, with limited prototype or deployment signals; therefore the project was classified as Low."
23273,An Integrated Low-Volume Nutritional Countermeasure to Maintain Muscle Mass and Function During Space Exploration,Mid,Mid,0.7907113292854201,"{'principle_score': 0.0, 'concept_score': 0.0, 'lab_validation_score': 0.2, 'prototype_score': 0.0, 'relevant_environment_score': 0.0, 'operational_environment_score': 0.0, 'commercialization_score': 0.2}","{'low': 0.2, 'mid': 0.6, 'high': 0.2}","Nutrition-based countermeasures represent one of the few viable intervention strategies available during long-duration spaceflight. | Nutrition-based countermeasures represent one of the few viable intervention strategies available during long-duration spaceflight. | commercialization_context Our long-term goal is to identify, prevent, and remedy defects in the metabolic pathway that contribute to the loss of muscle mass and function during exposure to microgravity.",,"Prototype, laboratory, or relevant-environment evidence was detected, but operational environment evidence was weak; therefore the project was classified as Mid."
89612,Environmentally Protective Fabrics for Spacesuits,Mid,Mid,0.9365251487982027,"{'principle_score': 0.0, 'concept_score': 0.0, 'lab_validation_score': 0.0, 'prototype_score': 0.0, 'relevant_environment_score': 0.0, 'operational_environment_score': 0.0, 'commercialization_score': 0.2}","{'low': 0.0, 'mid': 1.0, 'high': 0.0}",commercialization_context This development is focused on new environmentally protective spacesuits specifically for Mars missions. | The individual and composite technologies developed will have a wider use for commercial protective fabrics.,,"Prototype, laboratory, or relevant-environment evidence was detected, but operational environment evidence was weak; therefore the project was classified as Mid."
18312,OrFPGA: An Empirical Performance Tuning Tool for FPGA Designs,Mid,Mid,0.8300127560733677,"{'principle_score': 0.0, 'concept_score': 0.0, 'lab_validation_score': 0.2, 'prototype_score': 0.0, 'relevant_environment_score': 0.0, 'operational_environment_score': 0.0, 'commercialization_score': 0.4}","{'low': 0.4, 'mid': 0.0, 'high': 0.6}","commercialization_context The OrFPGA tool can be used by hardware engineers at NASA and its Prime Contractors to get the incremental performance optimizations required for closing critical FPGA designs in space applications. | Other potential markets could include DoD and its Prime Contractors, DOE, and DHS on the government side as well as medical, communication, and banking industries on the industry side. | The tool will be available as a standalone alone as well as an add-on feature in the existing FPGA design tools.",,"Prototype, laboratory, or relevant-environment evidence was detected, but operational environment evidence was weak; therefore the project was classified as Mid."
93657,Multi-Mode Micropropulsion,Low,Mid,0.44023542191698656,"{'principle_score': 0.0, 'concept_score': 0.25, 'lab_validation_score': 0.0, 'prototype_score': 0.0, 'relevant_environment_score': 0.0, 'operational_environment_score': 0.0, 'commercialization_score': 0.4}","{'low': 0.0, 'mid': 0.8, 'high': 0.2}","commercialization_context Multi-mode propulsion fulfills NASA technology needs as outlined in the In-Space Propulsion Technology Roadmap, monopropellant microthrusters and electrospray thrusters, as well as fulfilling needs highlighted by the National Research Council, specifically the need for both chemical and non-chemical propulsion that fulfills the needs for high mobility micro-satellites and extremely fine pointing and positioning for certain astrophysics missions. | It has potential to impact the exploding small/CubeSat market, an estimated market value of $7.4B, with a predicted 360% increase in launches over the next 5 yrs, and future plans for competing space-based internet constellations. | the thruster concept consists of an integrated microtube/electrospray thruster that shares all propulsion system hardware between electric and chemical thruster modes, i.e. | the thruster concept consists of an integrated microtube/electrospray thruster that shares all propulsion system hardware between electric and chemical thruster modes, i.e.",,"Prototype, laboratory, or relevant-environment evidence was detected, but operational environment evidence was weak; therefore the project was classified as Mid."
8527,Integrated Sublimator Driven Coldplate for use in Active Thermal Control System,Low,Mid,0.94751903918295,"{'principle_score': 0.0, 'concept_score': 0.25, 'lab_validation_score': 0.0, 'prototype_score': 0.0, 'relevant_environment_score': 0.0, 'operational_environment_score': 0.0, 'commercialization_score': 0.2}","{'low': 0.2, 'mid': 0.8, 'high': 0.0}","The ISDC builds on the original SDC concept by adding coolant layers so that it can be integrated with the pumped fluid loop on the rest of the vehicle. | The ISDC builds on the original SDC concept by adding coolant layers so that it can be integrated with the pumped fluid loop on the rest of the vehicle. | commercialization_context In addition to NASA space vehicles, commercial space vehicles may benefit from this technology as well. | Paragon has been working with a number of commercial space companies to design their thermal control systems.",,"Prototype, laboratory, or relevant-environment evidence was detected, but operational environment evidence was weak; therefore the project was classified as Mid."
125564,High temperature superconducting magnet operating above 15 K for ADR cooling,High,Mid,0.9362210042355971,"{'principle_score': 0.0, 'concept_score': 0.0, 'lab_validation_score': 0.0, 'prototype_score': 0.25, 'relevant_environment_score': 0.0, 'operational_environment_score': 0.0, 'commercialization_score': 0.2}","{'low': 0.0, 'mid': 0.8, 'high': 0.2}","This Phase II program will develop a much higher operating temperature superconducting coil and deliver a full-scale prototype that establishes the capability of exceeding the requirements set forth in topic area S.109 for Sub-Kelvin Cooling ADR (Adiabatic Demagnetization Refrigeration). | A full length, full radial build prototype demo coil will be designed, developed, built, tested and delivered to NASA for evaluation and validation, attaining a TRL of 8 upon completion. | commercialization_context - A new type of 2212-based superconducting coil that will operate in the 15 K to 20 K temperature range for application in next generation ADR magnets sought by NASA for a class of space-based instruments, as compared to present 10 K and lower operating temperature coils, and meeting the specified > 15 K operating temperature range.",,"Prototype, laboratory, or relevant-environment evidence was detected, but operational environment evidence was weak; therefore the project was classified as Mid."
91501,Astro-Interferometric Modeling and Spatio-Spectral Reconstruction,Low,Low,0.926509005407427,"{'principle_score': 0.0, 'concept_score': 0.5, 'lab_validation_score': 0.0, 'prototype_score': 0.0, 'relevant_environment_score': 0.25, 'operational_environment_score': 0.0, 'commercialization_score': 0.2}","{'low': 0.0, 'mid': 1.0, 'high': 0.0}","The practicality of this technique is currently being examined with analytical models and experimental testing at GSFC with the Spatio-spectral Interferometer Computational Optical Model (SsICOM) and the Wide-Field Imaging Interferometry Testbed (WIIT), respectively. | Continued modeling, simulation, and maturation of this interferometric imaging technique are also considered high-priority (TABS 11.2.4a) because early science modeling and algorithmic development allows the conception of larger, long-term projects, such as a space-borne infrared wide-field spatio-spectral interferometer, to be eventually realized. | The practicality of this technique is currently being examined with analytical models and experimental testing at GSFC with the Spatio-spectral Interferometer Computational Optical Model (SsICOM) and the Wide-Field Imaging Interferometry Testbed (WIIT), respectively. | The practicality of this technique is currently being examined with analytical models and experimental testing at GSFC with the Spatio-spectral Interferometer Computational Optical Model (SsICOM) and the Wide-Field Imaging Interferometry Testbed (WIIT), respectively. | commercialization_context These hardware and software models will verify the validity of an interferometric imaging technique such that its status can be promoted to NASA Technology Readiness Level 6 (TRL6) with continued research.",,"Evidence is mainly concept or early validation oriented, with limited prototype or deployment signals; therefore the project was classified as Low."
9713,Engineered Materials for Advanced Gas Turbine Engine,Mid,Low,0.8221946827267975,"{'principle_score': 0.0, 'concept_score': 0.0, 'lab_validation_score': 0.0, 'prototype_score': 0.0, 'relevant_environment_score': 0.0, 'operational_environment_score': 0.0, 'commercialization_score': 0.2}","{'low': 0.2, 'mid': 0.8, 'high': 0.0}","commercialization_context Power plant unit, boilers, diesel engines and stationary gas and steam turbines at a potentially much lower cost sheets for oxidizing atmosphere, Land base gas turbine engine.The composite powders also should find application in thermal-sprayed or cold-sprayed steam oxidation, corrosion-resistant high-temperature coatings for retrofitting existing fossil-fired power plant equipment, and laser additives manufacturing for turbine engine/blade repairing or refurbishing.",,"Evidence is mainly concept or early validation oriented, with limited prototype or deployment signals; therefore the project was classified as Low."
116366,Health Sensors for Inflatable habitats,Mid,Mid,0.9979002064807577,"{'principle_score': 0.0, 'concept_score': 0.0, 'lab_validation_score': 0.0, 'prototype_score': 0.0, 'relevant_environment_score': 0.0, 'operational_environment_score': 0.0, 'commercialization_score': 0.2}","{'low': 0.0, 'mid': 1.0, 'high': 0.0}","Under the Health Sensor for Inflatable habitats Tipping Point (HSI-TP) project, Luna Innovations is partnering with Sierra Nevada Corporation (SNC), ILC Dover, and NASA Johnson Space Center (JSC) to advance an innovative structural health monitoring system for inflatable space habitats that will benefit the Lunar Gateway, future Mars missions, and the commercial space industry. | Under the Health Sensor for Inflatable habitats Tipping Point (HSI-TP) project, Luna Innovations is partnering with Sierra Nevada Corporation (SNC), ILC Dover, and NASA Johnson Space Center (JSC) to advance an innovative structural health monitoring system for inflatable space habitats that will benefit the Lunar Gateway, future Mars missions, and the commercial space industry.",,"Prototype, laboratory, or relevant-environment evidence was detected, but operational environment evidence was weak; therefore the project was classified as Mid."
17828,High-performance 1024x1024 MWIR/LWIR Dual-band InAs/GaSb Type-II Superlattice-based Camera System,Mid,Mid,0.7109478283333401,"{'principle_score': 0.0, 'concept_score': 0.0, 'lab_validation_score': 0.0, 'prototype_score': 0.0, 'relevant_environment_score': 0.0, 'operational_environment_score': 0.0, 'commercialization_score': 0.4}","{'low': 0.0, 'mid': 1.0, 'high': 0.0}","commercialization_context LWIR is also of special interest to NASA for planetary observation missions. | IR imaging sensors also find their use in commercial applications such as deep-space astronomy, commercial satellite imaging, geophysics, geology, remote environmental (pollution) IR sensing, law enforcement, search and rescue, firefighting and emergency response.",,"Prototype, laboratory, or relevant-environment evidence was detected, but operational environment evidence was weak; therefore the project was classified as Mid."
33270,A Miniature Compressor for In-Situ Resource Utilization on Mars,Mid,Mid,0.7253530794308508,"{'principle_score': 0.0, 'concept_score': 0.25, 'lab_validation_score': 0.0, 'prototype_score': 0.0, 'relevant_environment_score': 0.25, 'operational_environment_score': 0.0, 'commercialization_score': 0.4}","{'low': 0.0, 'mid': 1.0, 'high': 0.0}","A key objective for NASA's next rover mission to Mars is the demonstration of oxygen production from atmospheric carbon dioxide. | A necessary component in such a demonstration system is a blower or compressor that can deliver the necessary carbon dioxide mass flow to a production plant. | We foresee that this unit will mainly be incorporated in high value analytical instruments for atmospheric sampling and for systems to detect airborne chemical, biological, and nuclear warfare agents. | A key objective for NASA's next rover mission to Mars is the demonstration of oxygen production from atmospheric carbon dioxide. | Such a technology demonstration may pave the way for a future sample return mission to the Red Planet as well as possibly a future manned mission to Mars.",,"Prototype, laboratory, or relevant-environment evidence was detected, but operational environment evidence was weak; therefore the project was classified as Mid."
157202,Dedicated High-Performance Radiation-Tolerant Processor for On-Board Instrument Processing and In-Situ Science Autonomy,Low,Mid,0.8877031701785504,"{'principle_score': 0.0, 'concept_score': 0.0, 'lab_validation_score': 0.2, 'prototype_score': 0.0, 'relevant_environment_score': 0.0, 'operational_environment_score': 0.0, 'commercialization_score': 0.2}","{'low': 0.2, 'mid': 0.8, 'high': 0.0}","Unlike the Microchip HPSC, the LS1046-Space is available now as a part that can be procured, allowing for an immediate, near-term solution for missions and instruments requiring a radiation-tolerant hard processor with advanced computational capability. | Even as space-qualified HPSC parts and SBCs become available, the SpaceCube RADICAL could then serve as a low-cost alternative to the HPSC for low-budget small satellite, Class D, and sub-Class D missions. | This project will develop a high-performance, CubeSat-sized single board computer (SBC), known as SpaceCube RADICAL (Rad-tolerant Application Data processor for Integrated Cubesat Architecture with LS1046), featuring the Teledyne LS1046-Space, a commercial, radiation-tolerant, quad-core ARM Cortex-A72 1.8 GHz processor. | To enhance the overall system reliability and allow for its use for a variety of mission classes and orbits, RADICAL will employ a hybrid architecture, using radiation-hardened peripheral circuitry to power and monitor the commercial LS1046-Space processor.",,"Prototype, laboratory, or relevant-environment evidence was detected, but operational environment evidence was weak; therefore the project was classified as Mid."
12176,Electric Field Effects on Pool Boiling Heat Transfer,Mid,High,0.8654039350544954,"{'principle_score': 0.0, 'concept_score': 0.0, 'lab_validation_score': 0.0, 'prototype_score': 0.0, 'relevant_environment_score': 0.0, 'operational_environment_score': 0.2, 'commercialization_score': 0.2}","{'low': 0.0, 'mid': 0.6, 'high': 0.4}",University of Maryland: Press Release of prior flight testing Paper: Pool Boiling Heat Transfer on the International Space Station: Experimental Results and Model Verification Two-Phase Flow Research on the ISS for Thermal Control Applications NASA/Glenn Research Center website on boiling in microgravity: https://issresearchproject.grc.nasa.gov/MSG/BXF/ Pool boiling is a highly effective mode of heat transfer allowing high heat flux levels driven by relatively small temperature differences between the heated wall and the liquid. | University of Maryland: Press Release of prior flight testing Paper: Pool Boiling Heat Transfer on the International Space Station: Experimental Results and Model Verification Two-Phase Flow Research on the ISS for Thermal Control Applications NASA/Glenn Research Center website on boiling in microgravity: https://issresearchproject.grc.nasa.gov/MSG/BXF/ commercialization_context • Single phase heat exchangers are currently used for cooling on ISS and other space platforms. | University of Maryland: Press Release of prior flight testing Paper: Pool Boiling Heat Transfer on the International Space Station: Experimental Results and Model Verification Two-Phase Flow Research on the ISS for Thermal Control Applications NASA/Glenn Research Center website on boiling in microgravity: https://issresearchproject.grc.nasa.gov/MSG/BXF/ commercialization_context • Single phase heat exchangers are currently used for cooling on ISS and other space platforms.,,"High-TRL deployment or commercialization evidence was strong enough, and retrieval/model signals support a high maturity class."
91553,Ultralight Core Shell Architectures for Aerospace Applications,Low,Low,0.9942738797117817,"{'principle_score': 0.0, 'concept_score': 0.0, 'lab_validation_score': 0.0, 'prototype_score': 0.0, 'relevant_environment_score': 0.0, 'operational_environment_score': 0.0, 'commercialization_score': 0.2}","{'low': 0.0, 'mid': 1.0, 'high': 0.0}",commercialization_context It is hypothesized that the addition of nanomaterials to copper wires will improve mission performance and increase payload mass fraction.,,"Evidence is mainly concept or early validation oriented, with limited prototype or deployment signals; therefore the project was classified as Low."
113260,High Power Density Induction Motors and Drives for Aircraft Propulsion,Mid,Mid,0.9881913869758124,"{'principle_score': 0.0, 'concept_score': 0.25, 'lab_validation_score': 0.2, 'prototype_score': 0.25, 'relevant_environment_score': 0.0, 'operational_environment_score': 0.0, 'commercialization_score': 0.2}","{'low': 0.2, 'mid': 0.6, 'high': 0.2}","Our concept incorporates an asynchronous (induction) style motor with embedded inverters and a two-phase semi-evaporative cooling system. | Our concept incorporates an asynchronous (induction) style motor with embedded inverters and a two-phase semi-evaporative cooling system. | The Phase II will continue to focus on the design improvements started in the Phase I: (1) power loss and cooling and (2) electric drive integration, and will also include the building and testing of a prototype motor and drive system. | The Phase II will continue to focus on the design improvements started in the Phase I: (1) power loss and cooling and (2) electric drive integration, and will also include the building and testing of a prototype motor and drive system. | Because these motors do not use permanent magnets, in the future NASA can avoid shortages of motors due to lack of availability of permanent magnet materials These low cost, high efficiency induction motors can be used in passenger aircraft (eVTOL, 4-40 passenger aircraft, 40-400 passenger aircraft), trucks, trains, ships, and cars.",,"Prototype, laboratory, or relevant-environment evidence was detected, but operational environment evidence was weak; therefore the project was classified as Mid."
106034,"Solar System Pony Express, (revised from 2019)",Low,Low,0.862675687097488,"{'principle_score': 0.0, 'concept_score': 0.0, 'lab_validation_score': 0.0, 'prototype_score': 0.0, 'relevant_environment_score': 0.0, 'operational_environment_score': 0.0, 'commercialization_score': 0.2}","{'low': 0.6, 'mid': 0.4, 'high': 0.0}","commercialization_context Enables global high-resolution survey of planetary body with minimal impact to DSN, yet returns 1000x more data per year from Mars. | Easily-engaged commercial sector with ""data logistics."" Easily-engaged public interest with visits by couriers which could be built by companies, nations, or schools.",,"Evidence is mainly concept or early validation oriented, with limited prototype or deployment signals; therefore the project was classified as Low."
116087,Sun Coronal Ejection Tracker,High,High,0.6113539787045112,"{'principle_score': 0.0, 'concept_score': 0.25, 'lab_validation_score': 0.0, 'prototype_score': 0.25, 'relevant_environment_score': 0.25, 'operational_environment_score': 0.0, 'commercialization_score': 0.2}","{'low': 0.2, 'mid': 0.6, 'high': 0.2}",commercialization_context Enabling lower cost innovative remote sensing instrument development from concept through breadboard and demonstration | commercialization_context Enabling lower cost innovative remote sensing instrument development from concept through breadboard and demonstration | commercialization_context Enabling lower cost innovative remote sensing instrument development from concept through breadboard and demonstration | commercialization_context Enabling lower cost innovative remote sensing instrument development from concept through breadboard and demonstration,,"High-TRL deployment or commercialization evidence was strong enough, and retrieval/model signals support a high maturity class."
146023,Regolith-Derived Heat Shield for Planetary Body Entry and Descent System with In Situ Fabrication,Low,Low,0.906003449143866,"{'principle_score': 0.0, 'concept_score': 0.25, 'lab_validation_score': 0.0, 'prototype_score': 0.0, 'relevant_environment_score': 0.0, 'operational_environment_score': 0.0, 'commercialization_score': 0.2}","{'low': 0.2, 'mid': 0.4, 'high': 0.4}",This project researches the feasibility of using extraterrestrial regoliths to fabricate atmospheric entry heat shields. | This project researches the feasibility of using extraterrestrial regoliths to fabricate atmospheric entry heat shields. | commercialization_context,,"Evidence is mainly concept or early validation oriented, with limited prototype or deployment signals; therefore the project was classified as Low."
158347,Coprocessors for Digital Signal Processing (DSP) and Artificial Intelligence (AI),Mid,Mid,0.9217881335651728,"{'principle_score': 0.0, 'concept_score': 0.0, 'lab_validation_score': 0.2, 'prototype_score': 0.25, 'relevant_environment_score': 0.0, 'operational_environment_score': 0.0, 'commercialization_score': 0.4}","{'low': 0.0, 'mid': 1.0, 'high': 0.0}","Target markets include NASA deep space missions, autonomous operations, and other commercial and government missions. | Target markets include NASA deep space missions, autonomous operations, and other commercial and government missions. | Ibeos aims to complete PDR on the EDGE-HPSC by the end of April 2024, with a fully functioning computer prototype by the first quarter of 2025 (pending availability of first HPSC chips). | Ibeos aims to complete PDR on the EDGE-HPSC by the end of April 2024, with a fully functioning computer prototype by the first quarter of 2025 (pending availability of first HPSC chips). | Ibeos aims to complete PDR on the EDGE-HPSC by the end of April 2024, with a fully functioning computer prototype by the first quarter of 2025 (pending availability of first HPSC chips).",,"Prototype, laboratory, or relevant-environment evidence was detected, but operational environment evidence was weak; therefore the project was classified as Mid."
9109,Dual Mode Low Power Hall Thruster,Mid,Low,0.6114696685151884,"{'principle_score': 0.0, 'concept_score': 0.0, 'lab_validation_score': 0.0, 'prototype_score': 0.0, 'relevant_environment_score': 0.25, 'operational_environment_score': 0.0, 'commercialization_score': 0.2}","{'low': 0.0, 'mid': 1.0, 'high': 0.0}",The DARPA FAST Program is considering high power HETs as part of their in-space technology demonstration of an all electric very high power space tug and GEO servicing vehicle. | commercialization_context Electric propulsion systems have been identified as a key technology for transportation of DoD space assets. | The unique HET design methodology to be implemented in this program could be applied across the thruster power spectrum giving it broad commercial applicability.,,"Evidence is mainly concept or early validation oriented, with limited prototype or deployment signals; therefore the project was classified as Low."
9552,HIgh Efficiency Laser for Aircraft/UAV and Space Lidar Missions,Mid,Mid,0.9937808423100627,"{'principle_score': 0.0, 'concept_score': 0.0, 'lab_validation_score': 0.4, 'prototype_score': 0.0, 'relevant_environment_score': 0.0, 'operational_environment_score': 0.0, 'commercialization_score': 0.2}","{'low': 0.0, 'mid': 1.0, 'high': 0.0}","For the same satellite bus this means that power will be available to support another lidar system, radar or other instruments - greatly increasing the science mission value. | For the same satellite bus this means that power will be available to support another lidar system, radar or other instruments - greatly increasing the science mission value. | commercialization_context 1.",,"Prototype, laboratory, or relevant-environment evidence was detected, but operational environment evidence was weak; therefore the project was classified as Mid."
4373,Aneutronic Fusion Spacecraft Architecture,Low,Low,0.9954654858096805,"{'principle_score': 0.0, 'concept_score': 0.5, 'lab_validation_score': 0.2, 'prototype_score': 0.0, 'relevant_environment_score': 0.0, 'operational_environment_score': 0.0, 'commercialization_score': 0.2}","{'low': 0.6, 'mid': 0.4, 'high': 0.0}","Description: provide framework to realize fusion propulsion for long-range space travel; analyze ""hybrid"" schemes with a solar or fission primary energy source along with a sub-critical fusion reactor used as a plasma space propulsion system Objective: conduct a feasibility study for a novel, fusion-powered, space propulsion architecture that can ultimately change drastically the potential for human and robotic space exploration. | The object of this proposal is to conduct a feasibility study for a novel, fusion-powered, space propulsion architecture that can ultimately change drastically the potential for human and robotic space exploration. | However, the scope of this study is not constrained by the immediate availability of fusion energy since it also analyzes ""hybrid"" schemes with a solar or fission primary energy source along with a sub-critical fusion reactor used as a plasma space propulsion system. | However, the scope of this study is not constrained by the immediate availability of fusion energy since it also analyzes ""hybrid"" schemes with a solar or fission primary energy source along with a sub-critical fusion reactor used as a plasma space propulsion system. | commercialization_context The object of this proposal is to conduct a feasibility study for a novel, fusion-powered, space propulsion architecture that can ultimately change drastically the potential for human and robotic space exploration",,"Evidence is mainly concept or early validation oriented, with limited prototype or deployment signals; therefore the project was classified as Low."
18152,ParaSol - A Novel Deployable Approach for Very Large Ultra-lightweight Solar Arrays,Mid,Mid,0.6998472571168579,"{'principle_score': 0.0, 'concept_score': 0.0, 'lab_validation_score': 0.2, 'prototype_score': 0.0, 'relevant_environment_score': 0.25, 'operational_environment_score': 0.2, 'commercialization_score': 0.6}","{'low': 0.0, 'mid': 0.8, 'high': 0.2}","Amorphous cells that are in production for terrestrial application have $/Watt cost less than 10% of space cells, at about the half the efficiency. | This SBIR develops the Photovoltaic Assembly with Reconfigurable Array Structure - PARASol - a centripetal force deployment and tensioning approach that enables affordability of multi-100kW arrays with commercially available thin film CIGS cells, which can be adapted for space environment compatibility. | The Phase I completes with a subscale demonstration using a scalable version of the test fixture, leading to a plan forward towards flight experiment in Phase II. | The Phase I completes with a subscale demonstration using a scalable version of the test fixture, leading to a plan forward towards flight experiment in Phase II. | This SBIR develops the Photovoltaic Assembly with Reconfigurable Array Structure - PARASol - a centripetal force deployment and tensioning approach that enables affordability of multi-100kW arrays with commercially available thin film CIGS cells, which can be adapted for space environment compatibility.",,"Prototype, laboratory, or relevant-environment evidence was detected, but operational environment evidence was weak; therefore the project was classified as Mid."
93495,Fuel Element for an Affordable NTR,Mid,Mid,0.7144618898709075,"{'principle_score': 0.0, 'concept_score': 0.25, 'lab_validation_score': 0.0, 'prototype_score': 0.0, 'relevant_environment_score': 0.0, 'operational_environment_score': 0.0, 'commercialization_score': 0.2}","{'low': 1.0, 'mid': 0.0, 'high': 0.0}",The basis of the concept will utilize LEU loaded tungsten fuel. | The basis of the concept will utilize LEU loaded tungsten fuel. | commercialization_context A human mission to Mars will drive technology and focus public attention. | Heat exchangers are used throughout the commercial power industry.,,"Prototype, laboratory, or relevant-environment evidence was detected, but operational environment evidence was weak; therefore the project was classified as Mid."
117181,Embedded PNT Module for Distributed Radar Sensing,Mid,Mid,0.8163622073881989,"{'principle_score': 0.0, 'concept_score': 0.25, 'lab_validation_score': 0.4, 'prototype_score': 0.0, 'relevant_environment_score': 0.5, 'operational_environment_score': 0.0, 'commercialization_score': 0.2}","{'low': 0.0, 'mid': 0.8, 'high': 0.2}","The second year establishes a detailed layout and design of the hardware board, fabri-cates units for testing, and ends with a lab-based test vector demonstration of the full embedded module. | The third year validates the real-time PNT module performance and capabilities within an existing radar testbed, first in the laboratory and then with outdoor tests and demonstrations. | The second year establishes a detailed layout and design of the hardware board, fabri-cates units for testing, and ends with a lab-based test vector demonstration of the full embedded module. | The third year validates the real-time PNT module performance and capabilities within an existing radar testbed, first in the laboratory and then with outdoor tests and demonstrations. | Outline and Methodology: The first year conducts a mission requirements and concept of op-erations study, establishes the module hardware architecture, orders long-lead components, maps the existing floating-point algorithms to the hardware architecture, and implements the embedded software.",,"Prototype, laboratory, or relevant-environment evidence was detected, but operational environment evidence was weak; therefore the project was classified as Mid."
117421,Reliable Ignition of LOX Methane Propellants in Thermal Vacuum Environment,Mid,Mid,0.9815392537042738,"{'principle_score': 0.0, 'concept_score': 0.0, 'lab_validation_score': 0.0, 'prototype_score': 0.0, 'relevant_environment_score': 0.0, 'operational_environment_score': 0.0, 'commercialization_score': 0.2}","{'low': 0.2, 'mid': 0.8, 'high': 0.0}","This work will buy down risk by characterizing HLS- & CLPS-class cryogenic RCS ignition systems commercialization_context Cryogenic propellant systems are considered essential for NASA future human exploration missions1,2, particularly beyond lunar landings (in-situ resource utilization (ISRU), high specific impulse, reduced heating requirements once in space).",,"Prototype, laboratory, or relevant-environment evidence was detected, but operational environment evidence was weak; therefore the project was classified as Mid."
102050,Lightweight Ultra-Strong Flexible Conductors from Metallic Nanoparticles and Aramid Nanofibers,Mid,Mid,0.7330191700047199,"{'principle_score': 0.0, 'concept_score': 0.0, 'lab_validation_score': 0.0, 'prototype_score': 0.0, 'relevant_environment_score': 0.0, 'operational_environment_score': 0.0, 'commercialization_score': 0.2}","{'low': 0.4, 'mid': 0.6, 'high': 0.0}","commercialization_context The conductor material modality is multi-use and cross-cutting for a broad range of NASA mission applications, including space mission applications that include planetary surface power, large-scale spacecraft prime power, small-scale robotic probe power, and small-sat power.",,"Prototype, laboratory, or relevant-environment evidence was detected, but operational environment evidence was weak; therefore the project was classified as Mid."
146109,"Electrical Impedance Tomography Technology, Year 2",Low,Mid,0.523499261844351,"{'principle_score': 0.0, 'concept_score': 0.0, 'lab_validation_score': 0.0, 'prototype_score': 0.0, 'relevant_environment_score': 0.0, 'operational_environment_score': 0.0, 'commercialization_score': 0.2}","{'low': 0.2, 'mid': 0.2, 'high': 0.6}",commercialization_context EIT is a promising non-invasive monitoring technique which can be used in microgravity to obtain cross-sectional images of the brain or chest.,,"Prototype, laboratory, or relevant-environment evidence was detected, but operational environment evidence was weak; therefore the project was classified as Mid."
146294,Enhanced Electrode Performance for Energy Storage Applications Enabled by Direct Write Additive Manufacturing,Low,Low,0.9338139810300835,"{'principle_score': 0.0, 'concept_score': 0.25, 'lab_validation_score': 0.2, 'prototype_score': 0.0, 'relevant_environment_score': 0.0, 'operational_environment_score': 0.0, 'commercialization_score': 0.2}","{'low': 0.4, 'mid': 0.6, 'high': 0.0}","Additional objectives are to increase the energy density, enhance the batteries durability and life under cycling, decrease the overall weight and determine the feasibility for in-space manufacturing and moon to mars space missions applications. | The additive manufacturing of complex electrodes is also an advancement over conventional approaches which rely on extensive machining to form electrodes while generating a lot of wastes and requiring multiple parts, fabrication steps, and extensive labor. | The additive manufacturing of complex electrodes is also an advancement over conventional approaches which rely on extensive machining to form electrodes while generating a lot of wastes and requiring multiple parts, fabrication steps, and extensive labor. | commercialization_context Most conventional electrode materials have relatively low electronic conductivity and slow diffusion speeds of lithium ions, resulting in low charge/discharge rate and power density of batteries.",,"Evidence is mainly concept or early validation oriented, with limited prototype or deployment signals; therefore the project was classified as Low."
12299,Plasma Treatment to Enhance Fuel Cell Water Management Project,Low,Low,0.8672525367390179,"{'principle_score': 0.0, 'concept_score': 0.0, 'lab_validation_score': 0.0, 'prototype_score': 0.0, 'relevant_environment_score': 0.0, 'operational_environment_score': 0.0, 'commercialization_score': 0.2}","{'low': 0.6, 'mid': 0.4, 'high': 0.0}",commercialization_context Plasma treatments have the ability to enhance and modify the wetting characteristics of material surfaces.,,"Evidence is mainly concept or early validation oriented, with limited prototype or deployment signals; therefore the project was classified as Low."
102750,"High-Temperature, Flat-Pack Optical Pressure Sensors for Combustion Noise Measurement",Mid,Mid,0.9848711393701761,"{'principle_score': 0.0, 'concept_score': 0.0, 'lab_validation_score': 0.0, 'prototype_score': 0.0, 'relevant_environment_score': 0.0, 'operational_environment_score': 0.2, 'commercialization_score': 0.2}","{'low': 0.0, 'mid': 1.0, 'high': 0.0}","The Interdisciplinary Consulting Corporation (IC2) proposes to develop an instrumentation-grade, robust, high-temperature, low-profile, fiber-optic pressure sensor for model-scale ground test and full-scale static engine and in-flight test applications. | The Interdisciplinary Consulting Corporation (IC2) proposes to develop an instrumentation-grade, robust, high-temperature, low-profile, fiber-optic pressure sensor for model-scale ground test and full-scale static engine and in-flight test applications. | commercialization_context The proposed high-temperature, low-profile fiber-optic pressure sensor system has the potential to be transportable across multiple NASA facilities where model-scale and full-scale engine tests occur. | In addition, NASA's Commercial Supersonic Technology Project will need research testing of exotic engine designs.",,"Prototype, laboratory, or relevant-environment evidence was detected, but operational environment evidence was weak; therefore the project was classified as Mid."
18218,An Advanced Smoke-Eater for Post-Fire Cabin Atmosphere Cleanup,Low,Mid,0.9720092046773964,"{'principle_score': 0.0, 'concept_score': 0.0, 'lab_validation_score': 0.0, 'prototype_score': 0.5, 'relevant_environment_score': 0.0, 'operational_environment_score': 0.0, 'commercialization_score': 0.4}","{'low': 0.2, 'mid': 0.8, 'high': 0.0}","We will then design a breadboard prototype unit and evaluate its performance in an environmental chamber under representative conditions. | We will then design a breadboard prototype unit and evaluate its performance in an environmental chamber under representative conditions. | commercialization_context The main attraction of our research to NASA is its ability to provide a lightweight, compact, gas purification system for an advanced spacecraft. | A successful ambient temperature CO oxidation catalyst and air purification system that can remove harmful contaminants from breathing air will find an immediate use in a range of commercial markets.",,"Prototype, laboratory, or relevant-environment evidence was detected, but operational environment evidence was weak; therefore the project was classified as Mid."
94854,Field Emission Electron Source for Mini EPMA,Low,Low,0.8162756754694563,"{'principle_score': 0.0, 'concept_score': 0.0, 'lab_validation_score': 0.0, 'prototype_score': 0.0, 'relevant_environment_score': 0.0, 'operational_environment_score': 0.0, 'commercialization_score': 0.2}","{'low': 0.6, 'mid': 0.4, 'high': 0.0}","commercialization_context The Mini-EPMA under development will enable advanced, fine-scale in situ mapping of the elemental composition of planetary materials.",,"Evidence is mainly concept or early validation oriented, with limited prototype or deployment signals; therefore the project was classified as Low."
95626,Engine System Integration and Analysis,Low,Low,0.9096522477541356,"{'principle_score': 0.0, 'concept_score': 0.5, 'lab_validation_score': 0.0, 'prototype_score': 0.0, 'relevant_environment_score': 0.0, 'operational_environment_score': 0.0, 'commercialization_score': 0.2}","{'low': 0.8, 'mid': 0.2, 'high': 0.0}","The goal of the Nuclear Thermal Propulsion (NTP) technology development Engine System Integration and Analysis task is to determine the feasibility and affordability of using low enriched uranium to power engines on a space transportation vehicle with solid cost and schedule confidence. | This effort leverages government, industry and academic expertise to establish a conceptual design for a nuclear powered propulsion engine in the thrust range of interest for a human Mars missions. | commercialization_context This project feeds into the overall NTP development plan to create advanced propulsion systems to reduce travel times for crewed missions.",,"Evidence is mainly concept or early validation oriented, with limited prototype or deployment signals; therefore the project was classified as Low."
13649,Microfluidic Electrospray Propulsion,Mid,High,0.6559487220351737,"{'principle_score': 0.0, 'concept_score': 0.0, 'lab_validation_score': 0.0, 'prototype_score': 0.0, 'relevant_environment_score': 0.0, 'operational_environment_score': 0.0, 'commercialization_score': 0.2}","{'low': 0.8, 'mid': 0.2, 'high': 0.0}","MEP modules have the potential to be 4x more efficient in terms of thrust to power and enable >10x improvement in thrust range, mass, volume and cost over state of the art commercialization_context Several studies have shown that micro-thrusters could replace attitude control systems and reaction wheels on large spacecraft resulting in large mass savings and increases to mission reliability.",,"High-TRL deployment or commercialization evidence was strong enough, and retrieval/model signals support a high maturity class."
158332,"A Low SWAP-C, Narrow-Bandwidth, and High-Channel-Density RF Photonic Integrated Channelizer Based on Serial Arrayed Waveguide Gratings and Liquid Crystal Phase Modulators",Mid,Mid,0.9788251279887866,"{'principle_score': 0.0, 'concept_score': 0.25, 'lab_validation_score': 0.0, 'prototype_score': 0.25, 'relevant_environment_score': 0.0, 'operational_environment_score': 0.0, 'commercialization_score': 0.4}","{'low': 0.2, 'mid': 0.8, 'high': 0.0}","The LC-SAWG technology has significant market potential beyond NASA, including telecommunications (advanced WDM systems), spectroscopy (compact, high-resolution spectrometers), optical sensing, astronomy (high-resolution spectrographs), quantum optics (high-density quantum state multiplexing), and defense applications (mmwave sensing, secure comms) Light Integration Technologies (LIT) and the University of Washington (UW) propose to develop a novel Liquid-Crystal integrated Serial Arrayed Waveguide Grating (LC-SAWG) photonic integrated channelizer for NASA's hyperspectral microwave sensing applications. | The LC-SAWG technology has significant market potential beyond NASA, including telecommunications (advanced WDM systems), spectroscopy (compact, high-resolution spectrometers), optical sensing, astronomy (high-resolution spectrographs), quantum optics (high-density quantum state multiplexing), and defense applications (mmwave sensing, secure comms) commercialization_context The LC-SAWG photonic integrated channelizer, proposed by LIT and UW, directly supports NASA's mission directives by enabling advanced hyperspectral microwave atmospheric sounding and remote sensing from space-based platforms. | Phase I will culminate in demonstrating a liquid-crystal-based phase modulator on a low-loss, multi-level SiN PIC platform, validating the feasibility and paving the way for full LC-SAWG prototype development in Phase II. | Phase I will culminate in demonstrating a liquid-crystal-based phase modulator on a low-loss, multi-level SiN PIC platform, validating the feasibility and paving the way for full LC-SAWG prototype development in Phase II. | Phase I will culminate in demonstrating a liquid-crystal-based phase modulator on a low-loss, multi-level SiN PIC platform, validating the feasibility and paving the way for full LC-SAWG prototype development in Phase II.",,"Prototype, laboratory, or relevant-environment evidence was detected, but operational environment evidence was weak; therefore the project was classified as Mid."
11545,In Situ Polymerization via Environmentally-Borne Initiation Stimuli,Low,Low,0.9929740439336278,"{'principle_score': 0.0, 'concept_score': 0.0, 'lab_validation_score': 0.0, 'prototype_score': 0.0, 'relevant_environment_score': 0.0, 'operational_environment_score': 0.0, 'commercialization_score': 0.2}","{'low': 0.8, 'mid': 0.2, 'high': 0.0}","commercialization_context Subsequently, a self-healing material that is able to flow and polymerize immediately after being punctured, thus sealing a wall defect, will be designed as a unique and robust atmosphere-loss prevention mechanism; such a material could be sandwiched within the layers of space suits or the walls of a spacecraft.",,"Evidence is mainly concept or early validation oriented, with limited prototype or deployment signals; therefore the project was classified as Low."
8861,A Rapid Model Fitting Tool Suite,Mid,Mid,0.6975028610701792,"{'principle_score': 0.0, 'concept_score': 0.25, 'lab_validation_score': 0.0, 'prototype_score': 0.25, 'relevant_environment_score': 0.0, 'operational_environment_score': 0.0, 'commercialization_score': 0.2}","{'low': 0.0, 'mid': 0.8, 'high': 0.2}","The goal of Phase I of this project is to demonstrate the feasibility of model fitting on GPUs. | The goal of Phase I of this project is to demonstrate the feasibility of model fitting on GPUs. | We will therefore prototype forward models, relevant mathematical operators and the actual parameter adjustment algorithm on GPUs and compare their performance to a pure CPU implementation. | In the Phase II, we will then harden the prototypes developed in Phase I and provide alternative modeling algorithms to support a broader range of applications. | In addition to NASA missions, other federal or commercial applications requiring to adjust model parameters to fit large sets of observed data will benefit from this project.",,"Prototype, laboratory, or relevant-environment evidence was detected, but operational environment evidence was weak; therefore the project was classified as Mid."
9882,Formaldehyde Profiler Using Laser Induced Fluorescence Technique,Mid,Mid,0.9614153343009113,"{'principle_score': 0.0, 'concept_score': 0.75, 'lab_validation_score': 0.0, 'prototype_score': 0.5, 'relevant_environment_score': 0.0, 'operational_environment_score': 0.2, 'commercialization_score': 0.2}","{'low': 0.0, 'mid': 1.0, 'high': 0.0}","In the phase I effort, we will breadboard system and perform a proof of concept HCHO measurement. | The outcome of the Phase I work will establish the feasibility of this LIF technique for high sensitivity detection of HCHO, and provide the design of the prototype sensor. | In the phase I effort, we will breadboard system and perform a proof of concept HCHO measurement. | We will also carry out a comprehensive review of the UV laser systems and identify the optimum laser for the prototype sensor. | The HCHO profiler can be easily mounted on an aircraft or deployed ground based, which makes it a suitable candidate for a lot of currently active and future NASA missions for independent measurements or satellite validation.",,"Prototype, laboratory, or relevant-environment evidence was detected, but operational environment evidence was weak; therefore the project was classified as Mid."
95715,Compact Multi-Protocol Modem,Mid,Mid,0.9246172193187182,"{'principle_score': 0.0, 'concept_score': 0.0, 'lab_validation_score': 0.0, 'prototype_score': 0.0, 'relevant_environment_score': 0.0, 'operational_environment_score': 0.2, 'commercialization_score': 0.2}","{'low': 0.0, 'mid': 1.0, 'high': 0.0}",Unmanned platforms are being deployed in many applications in the DoD and commercial sectors. | commercialization_context NASA applications include: 1) CubeSat missions. | Unmanned platforms are being deployed in many applications in the DoD and commercial sectors.,,"Prototype, laboratory, or relevant-environment evidence was detected, but operational environment evidence was weak; therefore the project was classified as Mid."
94836,OH Integrated Path Differential Absorption Experiment,Mid,Low,0.8232087566668745,"{'principle_score': 0.0, 'concept_score': 0.25, 'lab_validation_score': 0.4, 'prototype_score': 0.25, 'relevant_environment_score': 0.0, 'operational_environment_score': 0.0, 'commercialization_score': 0.2}","{'low': 0.4, 'mid': 0.6, 'high': 0.0}",We have developed a laboratory prototype laser operating at 308 nm for the remote detection of OH using IPDA LIDAR. | We have developed a laboratory prototype laser operating at 308 nm for the remote detection of OH using IPDA LIDAR. | The concept is similar to the differential hard-target LIDARS used by Jim Abshire and Haris Riris that measure CO2and CH4in the near-infrared. | The concept is similar to the differential hard-target LIDARS used by Jim Abshire and Haris Riris that measure CO2and CH4in the near-infrared. | We have developed a laboratory prototype laser operating at 308 nm for the remote detection of OH using IPDA LIDAR.,,"Evidence is mainly concept or early validation oriented, with limited prototype or deployment signals; therefore the project was classified as Low."
10343,Reliable Autonomous Surface Mobility (RASM) in Support of Human Exploration,Mid,Mid,0.9231268612721102,"{'principle_score': 0.0, 'concept_score': 0.25, 'lab_validation_score': 0.0, 'prototype_score': 0.0, 'relevant_environment_score': 0.0, 'operational_environment_score': 0.0, 'commercialization_score': 0.4}","{'low': 0.2, 'mid': 0.8, 'high': 0.0}","ProtoInnovations, LLC and Carnegie Mellon University have formed a partnership to commercially develop rover-autonomy technologies into Reliable Autonomous Surface Mobility (RASM). | ProtoInnovations, LLC and Carnegie Mellon University have formed a partnership to commercially develop rover-autonomy technologies into Reliable Autonomous Surface Mobility (RASM). | commercialization_context The Canadian Space Agency has announced that it will perform intensive research in lunar rovers with plans to produce multiple concept vehicles in the next one to two years.",,"Prototype, laboratory, or relevant-environment evidence was detected, but operational environment evidence was weak; therefore the project was classified as Mid."
16765,Development of Advanced Anti-Reflection Coatings for High Performance Solar Energy Applications,Mid,Mid,0.673549282286907,"{'principle_score': 0.0, 'concept_score': 0.0, 'lab_validation_score': 0.0, 'prototype_score': 0.0, 'relevant_environment_score': 0.0, 'operational_environment_score': 0.0, 'commercialization_score': 0.2}","{'low': 0.0, 'mid': 0.8, 'high': 0.2}","commercialization_context The ARC technology to be developed in the proposed program will be applicable to the generation of multi-junction solar cells currently in use and to the novel solar cell designs currently under development. | The ARC technology to be developed in the proposed program will be applicable to the multi-junction, Ge-based solar cells currently in use in commercial and military applications.",,"Prototype, laboratory, or relevant-environment evidence was detected, but operational environment evidence was weak; therefore the project was classified as Mid."
10886,Emission Line Astronomy - Coronagraphic Tunable Narrow Band Imaging and Integral Field Spectroscopy.,Low,Mid,0.9550796839337684,"{'principle_score': 0.0, 'concept_score': 0.0, 'lab_validation_score': 0.2, 'prototype_score': 0.0, 'relevant_environment_score': 0.0, 'operational_environment_score': 0.0, 'commercialization_score': 0.2}","{'low': 0.2, 'mid': 0.8, 'high': 0.0}","It provides observational support to interpret data from the HST, Spitzer, Chandra, Herschel and soon JWST space observatories with capabilities not available on them, and will be used to develop technology for future NASA flight programs such as WFIRST, and NWO, THEIA, ATLAST and other planet-finding missions. | It provides observational support to interpret data from the HST, Spitzer, Chandra, Herschel and soon JWST space observatories with capabilities not available on them, and will be used to develop technology for future NASA flight programs such as WFIRST, and NWO, THEIA, ATLAST and other planet-finding missions. | commercialization_context",,"Prototype, laboratory, or relevant-environment evidence was detected, but operational environment evidence was weak; therefore the project was classified as Mid."
158024,Autonomous science with a collaborative multi-agent system using artificial intelligence,Mid,Mid,0.9849231637890445,"{'principle_score': 0.0, 'concept_score': 0.0, 'lab_validation_score': 0.0, 'prototype_score': 0.0, 'relevant_environment_score': 0.0, 'operational_environment_score': 0.0, 'commercialization_score': 0.2}","{'low': 0.4, 'mid': 0.6, 'high': 0.0}",In this study; we propose to develop and demonstrate the capability to perform autonomous science measurements with a multi-agent system using active learning based on artificial intelligence In this study; we propose to develop and demonstrate the capability to perform autonomous science measurements with a multi-agent system using active learning based on artificial intelligence commercialization_context The proposed development will be an enabling capability for a variety of missions; including in situ resource utilization for Artemis and human exploration missions; efficient characterization of the environment of other planetary targets; and selecting targets for sample return missions.,,"Prototype, laboratory, or relevant-environment evidence was detected, but operational environment evidence was weak; therefore the project was classified as Mid."
9584,Graded Density Carbon Bonded Carbon Fiber (CBCF) Preforms for Lightweight Ablative Thermal Protection Systems (TPS),Mid,Mid,0.9648244005240435,"{'principle_score': 0.0, 'concept_score': 0.0, 'lab_validation_score': 0.4, 'prototype_score': 0.0, 'relevant_environment_score': 0.0, 'operational_environment_score': 0.0, 'commercialization_score': 0.2}","{'low': 0.2, 'mid': 0.6, 'high': 0.2}","FMI currently manufactures Phenolic Impregnated Carbon Ablator (PICA) material for Thermal Protection Systems (TPS) systems, such as the Stardust Sample Return Capsule and the Mars Science Laboratory Aeroshell. | FMI currently manufactures Phenolic Impregnated Carbon Ablator (PICA) material for Thermal Protection Systems (TPS) systems, such as the Stardust Sample Return Capsule and the Mars Science Laboratory Aeroshell. | commercialization_context The proposed advanced ablative TPS preform material would support commercial space applications including Commercial Orbital Transportation Services (COTS).",,"Prototype, laboratory, or relevant-environment evidence was detected, but operational environment evidence was weak; therefore the project was classified as Mid."
93698,Planetary LEGO,Mid,Low,0.867817443380204,"{'principle_score': 0.0, 'concept_score': 0.25, 'lab_validation_score': 0.0, 'prototype_score': 0.25, 'relevant_environment_score': 0.0, 'operational_environment_score': 0.0, 'commercialization_score': 0.4}","{'low': 0.6, 'mid': 0.4, 'high': 0.0}","commercialization_context NASA applications would encompass Lunar and Mars human habitation missions. | The raw material can go directly from the ground and into the production line without having to go through any separation, refinement or synthesis process. | Develop the robotic concept for making the horizontal and vertical structures. | Develop the robotic concept for making the horizontal and vertical structures. | Produce prototype building blocks and test their structural properties and strength of the joints.",,"Evidence is mainly concept or early validation oriented, with limited prototype or deployment signals; therefore the project was classified as Low."
157711,TM Monitor and Control System,Low,Low,0.6328877468562961,"{'principle_score': 0.0, 'concept_score': 0.0, 'lab_validation_score': 0.0, 'prototype_score': 0.0, 'relevant_environment_score': 0.0, 'operational_environment_score': 0.0, 'commercialization_score': 0.2}","{'low': 0.2, 'mid': 0.8, 'high': 0.0}","commercialization_context The benefit of this project would be the gathering of requirements, initial design, and known issues with design and hardware interfaces.",,"Evidence is mainly concept or early validation oriented, with limited prototype or deployment signals; therefore the project was classified as Low."
94050,"Prediction of Safety Incidents, Year 1",Low,Low,0.6073184371854611,"{'principle_score': 0.0, 'concept_score': 0.0, 'lab_validation_score': 0.0, 'prototype_score': 0.0, 'relevant_environment_score': 0.0, 'operational_environment_score': 0.0, 'commercialization_score': 0.2}","{'low': 1.0, 'mid': 0.0, 'high': 0.0}",commercialization_context NASA /SSC and other centers will benefit from this project through bringing additional value to data already collected and in informing future data collection needs. | These algorithms could have value for prediction of facility safety issues well beyond NASA into commercial environments as well and help optimize expenditure of resources for safety in a variety of facilities.,,"Evidence is mainly concept or early validation oriented, with limited prototype or deployment signals; therefore the project was classified as Low."
91771,Mesoscopic distinct element method-enabled multiscale computational design of carbon nanotube-based composite materials,Mid,Low,0.9462173386766152,"{'principle_score': 0.0, 'concept_score': 0.0, 'lab_validation_score': 0.0, 'prototype_score': 0.0, 'relevant_environment_score': 0.0, 'operational_environment_score': 0.0, 'commercialization_score': 0.2}","{'low': 0.2, 'mid': 0.8, 'high': 0.0}",commercialization_context A mesoscopic distinct element method will allow for simulations of massive fibrous ensembles not only through parallel computing but also through efficient coarse graining of the atomistic scale interactions.,,"Evidence is mainly concept or early validation oriented, with limited prototype or deployment signals; therefore the project was classified as Low."
16793,"A First Response Crew Mask for Ammonia, Hydrazine and Combustion Products",Mid,Mid,0.9527561548737863,"{'principle_score': 0.0, 'concept_score': 0.0, 'lab_validation_score': 0.0, 'prototype_score': 0.0, 'relevant_environment_score': 0.25, 'operational_environment_score': 0.0, 'commercialization_score': 0.4}","{'low': 0.0, 'mid': 1.0, 'high': 0.0}","commercialization_context The main attraction of our research to NASA is its capability to develop a high capacity sorbent that can reduce the NH3 and hydrazine concentrations to sub ppmv levels. | There is a potential commercial opportunity for our technology, in commercial safety devices and personal protection systems, primarily in the fire fighter masks. | We will complete high fidelity demonstrations in an environmental chamber to fully demonstrate its capability (non-human testing at TRL 6). | We will complete high fidelity demonstrations in an environmental chamber to fully demonstrate its capability (non-human testing at TRL 6).",,"Prototype, laboratory, or relevant-environment evidence was detected, but operational environment evidence was weak; therefore the project was classified as Mid."
154528,Optical Frequency Synthesizer for Quantum Applications,Mid,Low,0.8312808382162087,"{'principle_score': 0.0, 'concept_score': 0.0, 'lab_validation_score': 0.4, 'prototype_score': 0.0, 'relevant_environment_score': 0.0, 'operational_environment_score': 0.2, 'commercialization_score': 0.2}","{'low': 0.4, 'mid': 0.6, 'high': 0.0}","However, the most promising optical atomic clock platforms (e.g., Sr and Yb lattice clocks and Sr+ and Yb+ trapped ion clocks) and Rydberg-atom based sensor platforms can only operate reliably in laboratory environments, largely due to their reliance on the environmentally susceptible, high-SWaP infrastructure required to frequency stabilize multiple lasers across the visible and near-infrared spectral regions. | However, the most promising optical atomic clock platforms (e.g., Sr and Yb lattice clocks and Sr+ and Yb+ trapped ion clocks) and Rydberg-atom based sensor platforms can only operate reliably in laboratory environments, largely due to their reliance on the environmentally susceptible, high-SWaP infrastructure required to frequency stabilize multiple lasers across the visible and near-infrared spectral regions. | Vescent Photonics, LLC (Vescent) proposes to develop a compact, low-power, environmentally robust optical fiber frequency comb (OFC) that operates in the visible spectrum (400-800 nm) and is constructed from telecommunications (telecom) components to enable next-generation space-deployed optical atomic clocks and Rydberg-atom based quantum sensors. | The proposed system will meet the challenging performance requirements for state-of-the-art quantum sensors and clocks while maintaining a low size, weight, and power (SWaP) in a configurable platform that can be adapted to the diverse needs for several of the key space-deployed applications described in Focus Area S16.08. | commercialization_context This proposed visible frequency comb platform addresses NASA's research topic area S16.08 Atomic Quantum Sensors and Clocks – Critical technology gaps related to: (1) optical atomic clocks for measurements of gravitational field variations, time-variations of physical constants, detection of dark matter, etc.",,"Evidence is mainly concept or early validation oriented, with limited prototype or deployment signals; therefore the project was classified as Low."
9721,Composite Rolled Magnetometer and Instrument Boom,Mid,Mid,0.9801551039581045,"{'principle_score': 0.0, 'concept_score': 0.0, 'lab_validation_score': 0.2, 'prototype_score': 0.0, 'relevant_environment_score': 0.0, 'operational_environment_score': 0.2, 'commercialization_score': 0.2}","{'low': 0.2, 'mid': 0.6, 'high': 0.2}","However, there would be commercial value in higher resolution, more sensitive magnetometry data available on a worldwide basis. | Magnetometers are the most common instrument flown on NASA science missions and interference from onboard electronics requires that these instruments be deployed away from the spacecraft. | Magnetometers are the most common instrument flown on NASA science missions and interference from onboard electronics requires that these instruments be deployed away from the spacecraft. | commercialization_context Magnetometers and field sensors also have potential commercial applications. | To date, Earth survey using magnetometers for commercial purposes has utilized NASA sensors, however.",,"Prototype, laboratory, or relevant-environment evidence was detected, but operational environment evidence was weak; therefore the project was classified as Mid."
9764,Next Generation Gamma/Neutron Detectors for Planetary Science.,Mid,Mid,0.5061326438711365,"{'principle_score': 0.0, 'concept_score': 0.0, 'lab_validation_score': 0.0, 'prototype_score': 0.0, 'relevant_environment_score': 0.0, 'operational_environment_score': 0.0, 'commercialization_score': 0.2}","{'low': 0.2, 'mid': 0.8, 'high': 0.0}","commercialization_context The proposed innovative technology is a suitable component for a gamma-ray and neutron spectrometer that can be used for Earth science missions, planetary missions, exploration of small cosmic bodies such as asteroids and comets, satellite radio-imaging, and space exploration probes.",,"Prototype, laboratory, or relevant-environment evidence was detected, but operational environment evidence was weak; therefore the project was classified as Mid."
89766,Selective Laser Ablation and Melting,Mid,Mid,0.7886949441804799,"{'principle_score': 0.0, 'concept_score': 0.0, 'lab_validation_score': 0.0, 'prototype_score': 0.0, 'relevant_environment_score': 0.0, 'operational_environment_score': 0.0, 'commercialization_score': 0.4}","{'low': 0.4, 'mid': 0.6, 'high': 0.0}","commercialization_context As with standard SLM, the general application of the SLAM process is the manufacture of metal components that have complex geometries not efficiently obtainable by other means, or that require production in low quantities (e.g., replacement of legacy parts) that is too expensive for conventional manufacturing. | Therefore, much like with NASA specific applications, the number of Non-NASA commercial applications are vast.",,"Prototype, laboratory, or relevant-environment evidence was detected, but operational environment evidence was weak; therefore the project was classified as Mid."
18357,Solid State Transmitters for Water Vapor and Ozone DIAL Systems,Mid,Mid,0.9962003204087537,"{'principle_score': 0.0, 'concept_score': 0.0, 'lab_validation_score': 0.0, 'prototype_score': 0.0, 'relevant_environment_score': 0.25, 'operational_environment_score': 0.0, 'commercialization_score': 0.2}","{'low': 0.0, 'mid': 1.0, 'high': 0.0}",commercialization_context Replacement/upgrade of NASA water vapor DIAL systems including LASE (Lidar Atmospheric Sensing Experiment) Enhancement of Airborne ozone DIAL systems including GOLD (Global Ozone Lidar Demonstration) Lidar transmitter component for ground based ozone sensing station demonstration and network Future space-based earth-bserving atmospheric sensing systems Planned NOAA water vapor DIAL systems | commercialization_context Replacement/upgrade of NASA water vapor DIAL systems including LASE (Lidar Atmospheric Sensing Experiment) Enhancement of Airborne ozone DIAL systems including GOLD (Global Ozone Lidar Demonstration) Lidar transmitter component for ground based ozone sensing station demonstration and network Future space-based earth-bserving atmospheric sensing systems Planned NOAA water vapor DIAL systems,,"Prototype, laboratory, or relevant-environment evidence was detected, but operational environment evidence was weak; therefore the project was classified as Mid."
93302,Impact Energy Absorbing Matrix,Low,Low,0.9947224712204523,"{'principle_score': 0.0, 'concept_score': 0.0, 'lab_validation_score': 0.0, 'prototype_score': 0.25, 'relevant_environment_score': 0.0, 'operational_environment_score': 0.0, 'commercialization_score': 0.2}","{'low': 0.0, 'mid': 1.0, 'high': 0.0}","The goal of this IRAD is to produce a printed energy absorbing prototype that can be characterized and validated. | The goal of this IRAD is to produce a printed energy absorbing prototype that can be characterized and validated. | commercialization_context This research seeks to develop an energy absorption product that can be deterministically characterized, easily producible, tunable to the changing requirements of planetary landers.",,"Evidence is mainly concept or early validation oriented, with limited prototype or deployment signals; therefore the project was classified as Low."
33903,Terminal Descent Lidar System,Low,Mid,0.9918293805322539,"{'principle_score': 0.0, 'concept_score': 0.0, 'lab_validation_score': 0.4, 'prototype_score': 0.0, 'relevant_environment_score': 0.0, 'operational_environment_score': 0.0, 'commercialization_score': 0.2}","{'low': 0.2, 'mid': 0.8, 'high': 0.0}","The operational range of the sensor in Mars, for example, can exceed ten kilometers through touchdown, and may conceivably be a low mass, volume, and cost replacement for the Terminal Descent Sensor (TDS) on missions like the Mars Science Laboratory (MSL). | The operational range of the sensor in Mars, for example, can exceed ten kilometers through touchdown, and may conceivably be a low mass, volume, and cost replacement for the Terminal Descent Sensor (TDS) on missions like the Mars Science Laboratory (MSL). | commercialization_context The Terminal Descent Lidar System and components thereof can be used in many NASA missions serving various tasks.",,"Prototype, laboratory, or relevant-environment evidence was detected, but operational environment evidence was weak; therefore the project was classified as Mid."
33332,Multifunctional BHL Radiation Shield,Mid,Low,0.6004889587460776,"{'principle_score': 0.0, 'concept_score': 0.0, 'lab_validation_score': 0.2, 'prototype_score': 0.0, 'relevant_environment_score': 0.0, 'operational_environment_score': 0.0, 'commercialization_score': 0.2}","{'low': 0.4, 'mid': 0.6, 'high': 0.0}","Polyethylene is a readily available and structurally sound thermoplastic that has recently gained a fair amount of notoriety as an effective radiation shield. | Polyethylene is a readily available and structurally sound thermoplastic that has recently gained a fair amount of notoriety as an effective radiation shield. | Using BHL-PE to create storage containers between structural layers for items such as food, supplies, treated waste and regolith, will these items to serve as multipurpose radiation shielding and improve the overall radiation absorption potential of BHL-PE commercialization_context GTL's BHL-PE technology offers the potential of a multifunctional and lightweight composite material capable of providing primary, secondary, and interior structure to all deep space craft and equipment while shielding its crew from radiation.",,"Evidence is mainly concept or early validation oriented, with limited prototype or deployment signals; therefore the project was classified as Low."
154374,Vertical Motion Control System for Cryobots,Low,Mid,0.714014751677916,"{'principle_score': 0.0, 'concept_score': 0.0, 'lab_validation_score': 0.0, 'prototype_score': 0.0, 'relevant_environment_score': 0.0, 'operational_environment_score': 0.0, 'commercialization_score': 0.2}","{'low': 0.4, 'mid': 0.6, 'high': 0.0}",commercialization_context The Vertical Motion Control System an enables robotic exploration missions on icy ocean worlds.,,"Prototype, laboratory, or relevant-environment evidence was detected, but operational environment evidence was weak; therefore the project was classified as Mid."
18150,Multifunctional Shielding and Self-Healing HybridSil Smart Composites for Space,Mid,Mid,0.958445737309355,"{'principle_score': 0.0, 'concept_score': 0.0, 'lab_validation_score': 0.0, 'prototype_score': 0.0, 'relevant_environment_score': 0.25, 'operational_environment_score': 0.0, 'commercialization_score': 0.4}","{'low': 0.0, 'mid': 0.8, 'high': 0.2}","During Phase I, TRL 5 shall be reached upon demonstration of damage tolerant, self-healing structural composites with assistance from our radiation expert STTR partner, CSU, and commercial space partner. | During Phase I, TRL 5 shall be reached upon demonstration of damage tolerant, self-healing structural composites with assistance from our radiation expert STTR partner, CSU, and commercial space partner. | During Phase I, TRL 5 shall be reached upon demonstration of damage tolerant, self-healing structural composites with assistance from our radiation expert STTR partner, CSU, and commercial space partner. | During Phase I, TRL 5 shall be reached upon demonstration of damage tolerant, self-healing structural composites with assistance from our radiation expert STTR partner, CSU, and commercial space partner.",,"Prototype, laboratory, or relevant-environment evidence was detected, but operational environment evidence was weak; therefore the project was classified as Mid."
16654,Low-Stress Silicon Cladding for Surface Finishing Large UVOIR Mirrors,Mid,Mid,0.6890494137383357,"{'principle_score': 0.0, 'concept_score': 0.0, 'lab_validation_score': 0.4, 'prototype_score': 0.0, 'relevant_environment_score': 0.0, 'operational_environment_score': 0.0, 'commercialization_score': 0.2}","{'low': 0.2, 'mid': 0.8, 'high': 0.0}","If low enough prices can be achieved by coating large volumes of small mirrors, high-performance laboratory grade mirrors could be sold through distributers such as ""Edmond Scientific"" and others. | commercialization_context The ultimate goal of this research is to make silicon clad mirrors for lightweight telescopes.",,"Prototype, laboratory, or relevant-environment evidence was detected, but operational environment evidence was weak; therefore the project was classified as Mid."
94931,Elevated Temperature Irradiation Testing of Cermet Fuels for Nuclear Thermal Propulsion,Mid,Low,0.924194299289582,"{'principle_score': 0.0, 'concept_score': 0.0, 'lab_validation_score': 0.0, 'prototype_score': 0.0, 'relevant_environment_score': 0.0, 'operational_environment_score': 0.0, 'commercialization_score': 0.2}","{'low': 0.4, 'mid': 0.6, 'high': 0.0}","commercialization_context Irradiation data for NTP materials is limited, and standard testing is costly.",,"Evidence is mainly concept or early validation oriented, with limited prototype or deployment signals; therefore the project was classified as Low."
92158,High-Resolution and Lightweight X-ray Optics for the X-Ray Surveyor,Mid,Mid,0.947379071138284,"{'principle_score': 0.0, 'concept_score': 0.0, 'lab_validation_score': 0.0, 'prototype_score': 0.0, 'relevant_environment_score': 0.0, 'operational_environment_score': 0.0, 'commercialization_score': 0.4}","{'low': 0.4, 'mid': 0.6, 'high': 0.0}","Envisioned in ""Enduring Quest, Daring Visions"" and under study by NASA as a potential major mission for the 2020s, the X-ray Surveyor mission will likely impose three requirements on its optics: (1) high angular resolution: ~0.5"" PSF, (2) large effective area: ≥10,000 cm2 or more, and (3) affordable production cost: ~$500M. | Envisioned in ""Enduring Quest, Daring Visions"" and under study by NASA as a potential major mission for the 2020s, the X-ray Surveyor mission will likely impose three requirements on its optics: (1) high angular resolution: ~0.5"" PSF, (2) large effective area: ≥10,000 cm2 or more, and (3) affordable production cost: ~$500M.",,"Prototype, laboratory, or relevant-environment evidence was detected, but operational environment evidence was weak; therefore the project was classified as Mid."
116383,Shape Memory Alloys for Regulating TCS in Space,Mid,Mid,0.9761191666506016,"{'principle_score': 0.0, 'concept_score': 0.0, 'lab_validation_score': 0.0, 'prototype_score': 0.0, 'relevant_environment_score': 0.0, 'operational_environment_score': 0.0, 'commercialization_score': 0.2}","{'low': 0.4, 'mid': 0.6, 'high': 0.0}","commercialization_context By providing a passively controlled high turndown ratio radiator capability, the SMARTS system significantly reduces the complexity and mass required compared to competing technologies.",,"Prototype, laboratory, or relevant-environment evidence was detected, but operational environment evidence was weak; therefore the project was classified as Mid."
103038,Scalable Neural Net and Neuromorphic Module for In-Space Autonomous Orientation and Maneuvering,High,Mid,0.8466945249512159,"{'principle_score': 0.0, 'concept_score': 0.0, 'lab_validation_score': 0.2, 'prototype_score': 0.25, 'relevant_environment_score': 0.0, 'operational_environment_score': 0.0, 'commercialization_score': 0.2}","{'low': 0.2, 'mid': 0.8, 'high': 0.0}","Akida with fully configurable neural processing cores and scalable neural nets, we can design autonomy and artificial cognition capabilities for our prototype CubeSat that will be scalable to any space vehicle. | It is our goal in Phase II of this SBIR to demonstrate an affordable package of prototype autonomous control hardware and software that is scalable and readily adaptable to a variety of spacecraft morphologies and mission classes. | As part of this development, we are designing autonomy and artificial cognition capabilities for small scale satellites and vehicles that will be scalable to any space vehicle. | Akida with fully configurable neural processing cores and scalable neural nets, we can design autonomy and artificial cognition capabilities for our prototype CubeSat that will be scalable to any space vehicle. | Tensor, along with several commercial partners, is developing new technology suitable for small satellites (SmallSat/CubeSat) and small launch vehicles.",,"Prototype, laboratory, or relevant-environment evidence was detected, but operational environment evidence was weak; therefore the project was classified as Mid."
14393,A Micro-Cylindrical Ion Trap (µ-CIT) Micro-Mass Spectrometer Instrument System (µ-MSIS) for NASA Planetary Exploration,Low,Mid,0.5677074571645013,"{'principle_score': 0.0, 'concept_score': 0.25, 'lab_validation_score': 0.2, 'prototype_score': 0.0, 'relevant_environment_score': 0.0, 'operational_environment_score': 0.2, 'commercialization_score': 0.2}","{'low': 0.0, 'mid': 1.0, 'high': 0.0}","We therefore propose to develop a MEMS µMSIS packaging concept that is modular and flexible to further integration of a micro gas chromatograph, micro vacuum chamber and microelectronic components, into a complete instrument system. | We therefore propose to develop a MEMS µMSIS packaging concept that is modular and flexible to further integration of a micro gas chromatograph, micro vacuum chamber and microelectronic components, into a complete instrument system. | This research effort creates a great opportunity to advance the collaboration and apply the technology to future missions described in the Decadal Survey, including an array of packaged picosatellites deployed to Titan or Enceladus.] | This research effort creates a great opportunity to advance the collaboration and apply the technology to future missions described in the Decadal Survey, including an array of packaged picosatellites deployed to Titan or Enceladus.] | commercialization_context This game-changing development has the potential to drastically reduce instrument costs, increase measurement efficiencies through smaller size, mass, and power consumption, as well as perform new measurements through arrayed instrument systems about the same size as a cell phone.",,"Prototype, laboratory, or relevant-environment evidence was detected, but operational environment evidence was weak; therefore the project was classified as Mid."
102989,PWLSR - Pulsed Waveguide Latency Spectral Receptor,Low,Mid,0.967862276256261,"{'principle_score': 0.0, 'concept_score': 0.0, 'lab_validation_score': 0.0, 'prototype_score': 0.0, 'relevant_environment_score': 0.0, 'operational_environment_score': 0.0, 'commercialization_score': 0.2}","{'low': 0.0, 'mid': 1.0, 'high': 0.0}","Developing PWLSR is a key, risk-reducing effort that paves the way for maturation of the instrument towards flight while also stimulating technological innovation both for commercial and federal use beyond planetary exploration. | Developing PWLSR is a key, risk-reducing effort that paves the way for maturation of the instrument towards flight while also stimulating technological innovation both for commercial and federal use beyond planetary exploration.",,"Prototype, laboratory, or relevant-environment evidence was detected, but operational environment evidence was weak; therefore the project was classified as Mid."
154746,"Radar Vision Systems for Enhanced Robotic Mobility, Precise Navigation, and Multi-Vehicle Coordination",Low,Mid,0.731199447325702,"{'principle_score': 0.0, 'concept_score': 0.25, 'lab_validation_score': 0.2, 'prototype_score': 0.0, 'relevant_environment_score': 0.25, 'operational_environment_score': 0.0, 'commercialization_score': 0.4}","{'low': 0.0, 'mid': 1.0, 'high': 0.0}","commercialization_context The Aloft radar vision system technologies demonstrated in this effort support improved mobility for all vehicles, including rovers and legged and airborne platforms for Lunar/planetary and small body exploration. | Broader applications of Aloft radar vision system technologies include commercial robot mobility, assisted driving, and drone navigation. | (Aloft) proposes to adapt and establish the feasibility of our scalable Radar Vision Systems (RVS) for operation on solar system bodies. | To establish the feasibility of applying RVS to the planetary domain, Aloft proposes to 1) simulate AloftPNT performance in relevant scenarios, 2) adapt RVS and AloftPNT based on these simulations, 3) demonstrate operation with our mm-wave testbed, 4) update the hardware designs for the space environment, and 5) establish a Phase 2 implementation and test plan. | To establish the feasibility of applying RVS to the planetary domain, Aloft proposes to 1) simulate AloftPNT performance in relevant scenarios, 2) adapt RVS and AloftPNT based on these simulations, 3) demonstrate operation with our mm-wave testbed, 4) update the hardware designs for the space environment, and 5) establish a Phase 2 implementation and test plan.",,"Prototype, laboratory, or relevant-environment evidence was detected, but operational environment evidence was weak; therefore the project was classified as Mid."
113443,Polymer Composites with Exceptional Atomic Oxygen Resistance for Low Earth Orbit Applications,Low,Mid,0.7650745516437669,"{'principle_score': 0.0, 'concept_score': 0.0, 'lab_validation_score': 0.0, 'prototype_score': 0.0, 'relevant_environment_score': 0.0, 'operational_environment_score': 0.0, 'commercialization_score': 0.4}","{'low': 0.4, 'mid': 0.4, 'high': 0.2}","Thus, polymers and composites developed during this project are expected to provide a unique combination of properties and processing characteristics to meet the needs of NASA and the rapidly expanding commercial space market. | Thus, polymers and composites developed during this project are expected to provide a unique combination of properties and processing characteristics to meet the needs of NASA and the rapidly expanding commercial space market.",,"Prototype, laboratory, or relevant-environment evidence was detected, but operational environment evidence was weak; therefore the project was classified as Mid."
158526,In-Flight Food Systems' Effect on Astronaut Health,Low,Low,0.9603192860875015,"{'principle_score': 0.0, 'concept_score': 0.25, 'lab_validation_score': 0.0, 'prototype_score': 0.0, 'relevant_environment_score': 0.0, 'operational_environment_score': 0.0, 'commercialization_score': 0.2}","{'low': 0.4, 'mid': 0.4, 'high': 0.2}","The NASA Glenn Research Center (GRC) /Human Research Program seeks to develop a proof-of-concept model and simulation to aid in understanding and quantifying the incidence rate and severity of astronaut in-flight health conditions resulting from changes to the in-flight food system characteristics. | As a proof-of-concept, NASA seeks a means to establish the influence changes in food system characteristics will have on required medical resources by modeling how those capabilities influence the occurrence of a limited number of the medical conditions. | commercialization_context The overall goal of the project was the development of model and simulation tools to establish how health and performance risk is influenced by the interaction of space flight stressors and implemented crew health and performance system interventions that would be difficult to address otherwise due to lack of direct evidence.",,"Evidence is mainly concept or early validation oriented, with limited prototype or deployment signals; therefore the project was classified as Low."
18112,Low Cost Flexible Graphene-Based Digital Beam Forming Phased-Array Antennas,Mid,Low,0.5315045168988138,"{'principle_score': 0.0, 'concept_score': 0.0, 'lab_validation_score': 0.2, 'prototype_score': 0.25, 'relevant_environment_score': 0.0, 'operational_environment_score': 0.0, 'commercialization_score': 0.2}","{'low': 0.2, 'mid': 0.8, 'high': 0.0}","Prototype of a fully graphene-based 4-bit 4-element digital beam forming PAA on flexible substrate such as Kapton, including antennas, field effect transistor (FET) switches and phase shifters will be developed. | Prototype of a fully graphene-based 4-bit 4-element digital beam forming PAA on flexible substrate such as Kapton, including antennas, field effect transistor (FET) switches and phase shifters will be developed. | Furthermore, it is a recyclable and sustainably manufacturable product that is eco-friendly. | Furthermore, it is a recyclable and sustainably manufacturable product that is eco-friendly. | commercialization_context (1) For autonomous communication systems Low power, low cost, reconfigurable digital beam forming antennas can increase capacity and enable more efficient high-data data handling and delivery.",,"Evidence is mainly concept or early validation oriented, with limited prototype or deployment signals; therefore the project was classified as Low."
10346,Innovative Solid State Lighting Replacements for Industrial and Test Facility Locations,High,Mid,0.9471309467898817,"{'principle_score': 0.25, 'concept_score': 0.0, 'lab_validation_score': 0.0, 'prototype_score': 0.0, 'relevant_environment_score': 0.0, 'operational_environment_score': 0.0, 'commercialization_score': 0.2}","{'low': 0.0, 'mid': 0.8, 'high': 0.2}",A specialized array of optical collectors will redirect the light more effectively to the needed test areas using principles on non-imaging optics. | A specialized array of optical collectors will redirect the light more effectively to the needed test areas using principles on non-imaging optics. | commercialization_context The number of non-NASA applications is vast.,,"Prototype, laboratory, or relevant-environment evidence was detected, but operational environment evidence was weak; therefore the project was classified as Mid."
101986,An Artificial Intelligence Tool for Computational Sciences,Mid,Low,0.4129094269197439,"{'principle_score': 0.0, 'concept_score': 0.25, 'lab_validation_score': 0.0, 'prototype_score': 0.0, 'relevant_environment_score': 0.0, 'operational_environment_score': 0.0, 'commercialization_score': 0.2}","{'low': 0.0, 'mid': 0.8, 'high': 0.2}","commercialization_context Various programs and projects of NASA missions use CFD for advanced aircraft concepts, launch vehicle design, and planetary entry vehicles. | commercialization_context Various programs and projects of NASA missions use CFD for advanced aircraft concepts, launch vehicle design, and planetary entry vehicles.",,"Evidence is mainly concept or early validation oriented, with limited prototype or deployment signals; therefore the project was classified as Low."
113018,V-Band Switch (65-70 GHz),Mid,Low,0.6373097371167764,"{'principle_score': 0.25, 'concept_score': 0.0, 'lab_validation_score': 0.0, 'prototype_score': 0.0, 'relevant_environment_score': 0.0, 'operational_environment_score': 0.0, 'commercialization_score': 0.2}","{'low': 0.0, 'mid': 0.8, 'high': 0.2}","Building on successful proof-of-principle hardware developed in Phase I, Millimeter Wave Systems, LLC proposes to design, fabricate, and demonstrate the performance of two 65-70GHz latching waveguide ferrite circulator configurations: 1) An innovative Multimode Latching Circulator (MLC), exploiting two circulating Eigenmodes in a ferrite junction, and 2) latching turnstile ferrite circulators with extended bandwidth using matching networks. | Building on successful proof-of-principle hardware developed in Phase I, Millimeter Wave Systems, LLC proposes to design, fabricate, and demonstrate the performance of two 65-70GHz latching waveguide ferrite circulator configurations: 1) An innovative Multimode Latching Circulator (MLC), exploiting two circulating Eigenmodes in a ferrite junction, and 2) latching turnstile ferrite circulators with extended bandwidth using matching networks. | commercialization_context The proposed work will provide NASA with millimeter wave latching switches for use in remote sensing applications like differential absorption radar for measuring surface level pressure. | Commercial weather radar companies would benefit from an off-the-shelf solution for high power radar applications.",,"Evidence is mainly concept or early validation oriented, with limited prototype or deployment signals; therefore the project was classified as Low."
17741,Adaptive LIDAR Vision System for Advanced Robotics,Low,Mid,0.9228850664313345,"{'principle_score': 0.0, 'concept_score': 0.0, 'lab_validation_score': 0.2, 'prototype_score': 0.0, 'relevant_environment_score': 0.0, 'operational_environment_score': 0.2, 'commercialization_score': 0.2}","{'low': 0.4, 'mid': 0.6, 'high': 0.0}","commercialization_context A recent collaborative survey entitled, 'A Roadmap for US Robotics – From Internet to Robotics' identified robust 3D perception, planning and navigation, intuitive human-robot interfaces as critical capability gaps that are cross-cutting for the robotics industry which includes space exploration . | Thousands of man-transportable Packbot and Talon platforms have been deployed overseas. | commercialization_context A recent collaborative survey entitled, 'A Roadmap for US Robotics – From Internet to Robotics' identified robust 3D perception, planning and navigation, intuitive human-robot interfaces as critical capability gaps that are cross-cutting for the robotics industry which includes space exploration .",,"Prototype, laboratory, or relevant-environment evidence was detected, but operational environment evidence was weak; therefore the project was classified as Mid."
8692,A Robust Flare Planning Logic for Unmanned Aerial Vehicle Applications,Mid,Low,0.6338201933743215,"{'principle_score': 0.25, 'concept_score': 0.0, 'lab_validation_score': 0.0, 'prototype_score': 0.0, 'relevant_environment_score': 0.25, 'operational_environment_score': 0.0, 'commercialization_score': 0.2}","{'low': 0.4, 'mid': 0.6, 'high': 0.0}","The algorithms that Aurora seeks to leverage the reachability problem in the fields of Optimal Control and Hybrid Systems, using Rapidly-Exploring Random Trees (RRTs) and Falsification theory. | The algorithms that Aurora seeks to leverage the reachability problem in the fields of Optimal Control and Hybrid Systems, using Rapidly-Exploring Random Trees (RRTs) and Falsification theory. | In a broader context, the success demonstration of applying Safety Verification-based algorithms to this difficult flight regime would spur similar efforts and thus, applications to many other flight regimes, especially those in which severe upset recovery is of interest. | commercialization_context Aurora envisions two possible non-NASA Commercial Applications resulting from the proposed innovation. | Aurora envisions two related NASA Commercial Applications resulting from the proposed innovation, both of which align with NASA's Integrated Resilient Aircraft Control (IRAC) project.",,"Evidence is mainly concept or early validation oriented, with limited prototype or deployment signals; therefore the project was classified as Low."
89940,Vapor Hydrogen Peroxide Sterilization System for Contamination Control,Mid,Mid,0.5833353166570474,"{'principle_score': 0.0, 'concept_score': 0.0, 'lab_validation_score': 0.0, 'prototype_score': 0.0, 'relevant_environment_score': 0.0, 'operational_environment_score': 0.0, 'commercialization_score': 0.2}","{'low': 0.0, 'mid': 1.0, 'high': 0.0}",commercialization_context This vaporized hydrogen peroxide generator will serve NASA's needs for contamination control and planetary protection. | Commercial opportunities for the hydrogen peroxide generator may be directed toward medical equipment sterilization.,,"Prototype, laboratory, or relevant-environment evidence was detected, but operational environment evidence was weak; therefore the project was classified as Mid."
11811,A Micro Cylindrical Ion Trap (µ-CIT) Micro Mass Spectrometer Instrument System (µMSIS) for NASA Planetary Exploration,Low,Low,0.5586269170975809,"{'principle_score': 0.0, 'concept_score': 0.25, 'lab_validation_score': 0.0, 'prototype_score': 0.0, 'relevant_environment_score': 0.0, 'operational_environment_score': 0.2, 'commercialization_score': 0.2}","{'low': 0.0, 'mid': 1.0, 'high': 0.0}","We propose to develop a MEMS uMSIS packaging concept that is modular and flexible to further integration of a micro gas chromatograph, micro mass analyzer, and microelectronic components, into a complete instrument system Pico-Satellite probe array. | We propose to develop a MEMS uMSIS packaging concept that is modular and flexible to further integration of a micro gas chromatograph, micro mass analyzer, and microelectronic components, into a complete instrument system Pico-Satellite probe array. | For example, an array of packaged Pico-Satellite µMSIS could be deployed on the surface of Titan or Enceladus, to generate a powerful map of the surface chemical composition, probing heterogeneity in a way a single instrument may not be able to, and/or feeding into science operations including trades for more resource consumptive and costly instrument deployment, such as limited-use drilling or chemical sample preparation protocols. | commercialization_context The outcome of this IRAD can be used for application to missions as described in the planetary Decadal Survey.",,"Evidence is mainly concept or early validation oriented, with limited prototype or deployment signals; therefore the project was classified as Low."
